,"(mm) Precipitation (CHIRPS) at 29.0421E,-21.1324N, 2010-10-01 to 2023-09-30"
1/10/2010,0
2/10/2010,0
3/10/2010,0
4/10/2010,0
5/10/2010,0
6/10/2010,0
7/10/2010,0
8/10/2010,0
9/10/2010,0
10/10/2010,0
11/10/2010,0
12/10/2010,0
13/10/2010,0
14/10/2010,0
15/10/2010,0
16/10/2010,0
17/10/2010,0
18/10/2010,0
19/10/2010,0
20/10/2010,0
21/10/2010,0
22/10/2010,0
23/10/2010,0
24/10/2010,0
25/10/2010,0
26/10/2010,0
27/10/2010,0
28/10/2010,3.2936
29/10/2010,3.2936
30/10/2010,0
31/10/2010,3.2936
1/11/2010,3.6882
2/11/2010,0
3/11/2010,0
4/11/2010,0
5/11/2010,3.6882
6/11/2010,0
7/11/2010,0
8/11/2010,0
9/11/2010,6.668
10/11/2010,6.668
11/11/2010,0
12/11/2010,0
13/11/2010,4.2959
14/11/2010,8.5919
15/11/2010,0
16/11/2010,0
17/11/2010,2.5129
18/11/2010,2.5129
19/11/2010,5.0259
20/11/2010,0
21/11/2010,0
22/11/2010,0
23/11/2010,0
24/11/2010,0
25/11/2010,0
26/11/2010,0
27/11/2010,0
28/11/2010,0
29/11/2010,10.5497
30/11/2010,0
1/12/2010,0
2/12/2010,9.915
3/12/2010,9.915
4/12/2010,9.915
5/12/2010,9.915
6/12/2010,0
7/12/2010,0
8/12/2010,2.4298
9/12/2010,0
10/12/2010,0
11/12/2010,0
12/12/2010,0
13/12/2010,11.7454
14/12/2010,15.6605
15/12/2010,7.8303
16/12/2010,5.634
17/12/2010,16.9021
18/12/2010,0
19/12/2010,0
20/12/2010,0
21/12/2010,0
22/12/2010,0
23/12/2010,0
24/12/2010,0
25/12/2010,6.0774
26/12/2010,0
27/12/2010,0
28/12/2010,0
29/12/2010,0
30/12/2010,0
31/12/2010,19.6594
1/1/2011,9.7495
2/1/2011,0
3/1/2011,0
4/1/2011,0
5/1/2011,0
6/1/2011,0
7/1/2011,0
8/1/2011,0
9/1/2011,0
10/1/2011,25.929
11/1/2011,6.9553
12/1/2011,0
13/1/2011,6.9553
14/1/2011,20.8659
15/1/2011,20.8659
16/1/2011,17.7635
17/1/2011,26.6453
18/1/2011,0
19/1/2011,8.8818
20/1/2011,0
21/1/2011,10.7765
22/1/2011,0
23/1/2011,10.7765
24/1/2011,10.7765
25/1/2011,0
26/1/2011,0
27/1/2011,0
28/1/2011,0
29/1/2011,0
30/1/2011,0
31/1/2011,0
1/2/2011,0
2/2/2011,0
3/2/2011,0
4/2/2011,6.0538
5/2/2011,0
6/2/2011,0
7/2/2011,0
8/2/2011,0
9/2/2011,0
10/2/2011,0
11/2/2011,0
12/2/2011,0
13/2/2011,0
14/2/2011,0
15/2/2011,0
16/2/2011,0
17/2/2011,0
18/2/2011,0
19/2/2011,0
20/2/2011,0
21/2/2011,0
22/2/2011,0
23/2/2011,0
24/2/2011,2.8556
25/2/2011,0
26/2/2011,0
27/2/2011,0
28/2/2011,0
1/3/2011,0
2/3/2011,0
3/3/2011,0
4/3/2011,0
5/3/2011,0
6/3/2011,0
7/3/2011,0
8/3/2011,0
9/3/2011,0
10/3/2011,0
11/3/2011,0
12/3/2011,0
13/3/2011,7.5196
14/3/2011,7.5196
15/3/2011,0
16/3/2011,0
17/3/2011,0
18/3/2011,0
19/3/2011,0
20/3/2011,0
21/3/2011,8.7179
22/3/2011,4.3589
23/3/2011,0
24/3/2011,0
25/3/2011,0
26/3/2011,11.8968
27/3/2011,0
28/3/2011,0
29/3/2011,0
30/3/2011,0
31/3/2011,0
1/4/2011,0
2/4/2011,0
3/4/2011,0
4/4/2011,0
5/4/2011,0
6/4/2011,5.5112
7/4/2011,0
8/4/2011,0
9/4/2011,0
10/4/2011,0
11/4/2011,0
12/4/2011,0
13/4/2011,0
14/4/2011,0
15/4/2011,0
16/4/2011,0
17/4/2011,0
18/4/2011,0
19/4/2011,0
20/4/2011,0
21/4/2011,0
22/4/2011,0
23/4/2011,0
24/4/2011,22.9056
25/4/2011,0
26/4/2011,0
27/4/2011,0
28/4/2011,0
29/4/2011,0
30/4/2011,0
1/5/2011,0
2/5/2011,0
3/5/2011,0
4/5/2011,0
5/5/2011,0
6/5/2011,0
7/5/2011,0
8/5/2011,0
9/5/2011,0
10/5/2011,0
11/5/2011,0
12/5/2011,0
13/5/2011,0
14/5/2011,0
15/5/2011,0
16/5/2011,0
17/5/2011,0
18/5/2011,0
19/5/2011,0
20/5/2011,0
21/5/2011,0
22/5/2011,0
23/5/2011,0
24/5/2011,0
25/5/2011,0
26/5/2011,0
27/5/2011,0
28/5/2011,0
29/5/2011,0
30/5/2011,0
31/5/2011,0
1/6/2011,0
2/6/2011,0
3/6/2011,0
4/6/2011,0
5/6/2011,0
6/6/2011,0
7/6/2011,0
8/6/2011,0
9/6/2011,0
10/6/2011,0
11/6/2011,0
12/6/2011,0
13/6/2011,0
14/6/2011,0
15/6/2011,0
16/6/2011,0
17/6/2011,0
18/6/2011,0
19/6/2011,0
20/6/2011,0
21/6/2011,0
22/6/2011,0
23/6/2011,0
24/6/2011,0
25/6/2011,0
26/6/2011,0
27/6/2011,0
28/6/2011,0
29/6/2011,0
30/6/2011,0
1/7/2011,0
2/7/2011,0
3/7/2011,0
4/7/2011,0
5/7/2011,0
6/7/2011,0
7/7/2011,0
8/7/2011,0
9/7/2011,0
10/7/2011,0
11/7/2011,0
12/7/2011,0
13/7/2011,0
14/7/2011,0
15/7/2011,0
16/7/2011,0
17/7/2011,0
18/7/2011,0
19/7/2011,0
20/7/2011,0
21/7/2011,0
22/7/2011,0
23/7/2011,0
24/7/2011,0
25/7/2011,0
26/7/2011,0
27/7/2011,0
28/7/2011,0
29/7/2011,0
30/7/2011,0
31/7/2011,0
1/8/2011,0
2/8/2011,0
3/8/2011,0
4/8/2011,0
5/8/2011,0
6/8/2011,0
7/8/2011,0
8/8/2011,0
9/8/2011,0
10/8/2011,0
11/8/2011,0
12/8/2011,0
13/8/2011,0
14/8/2011,0
15/8/2011,0
16/8/2011,0
17/8/2011,0
18/8/2011,0
19/8/2011,0
20/8/2011,0
21/8/2011,0
22/8/2011,0
23/8/2011,0
24/8/2011,0
25/8/2011,0
26/8/2011,0
27/8/2011,0
28/8/2011,0
29/8/2011,0
30/8/2011,0
31/8/2011,0
1/9/2011,0
2/9/2011,0
3/9/2011,0
4/9/2011,0
5/9/2011,0
6/9/2011,0
7/9/2011,0
8/9/2011,0
9/9/2011,0
10/9/2011,0
11/9/2011,0
12/9/2011,0
13/9/2011,0
14/9/2011,0
15/9/2011,0
16/9/2011,0
17/9/2011,0
18/9/2011,0
19/9/2011,0
20/9/2011,0
21/9/2011,0
22/9/2011,0
23/9/2011,0
24/9/2011,0
25/9/2011,0
26/9/2011,0
27/9/2011,0
28/9/2011,0
29/9/2011,0
30/9/2011,0
1/10/2011,4.514
2/10/2011,0
3/10/2011,0
4/10/2011,0
5/10/2011,0
6/10/2011,0
7/10/2011,0
8/10/2011,0
9/10/2011,0
10/10/2011,0
11/10/2011,0
12/10/2011,0
13/10/2011,0
14/10/2011,0
15/10/2011,0
16/10/2011,0
17/10/2011,0
18/10/2011,1.134
19/10/2011,0
20/10/2011,1.134
21/10/2011,0
22/10/2011,0
23/10/2011,0
24/10/2011,0
25/10/2011,0
26/10/2011,2.6319
27/10/2011,5.2639
28/10/2011,5.2639
29/10/2011,7.8958
30/10/2011,0
31/10/2011,0
1/11/2011,3.0437
2/11/2011,0
3/11/2011,0
4/11/2011,0
5/11/2011,0
6/11/2011,0
7/11/2011,0
8/11/2011,0
9/11/2011,0
10/11/2011,0
11/11/2011,0
12/11/2011,0
13/11/2011,0
14/11/2011,0
15/11/2011,0
16/11/2011,0
17/11/2011,0
18/11/2011,0
19/11/2011,0
20/11/2011,4.0025
21/11/2011,11.6736
22/11/2011,3.8912
23/11/2011,7.7824
24/11/2011,15.5648
25/11/2011,0
26/11/2011,0
27/11/2011,0
28/11/2011,0
29/11/2011,0
30/11/2011,0
1/12/2011,0
2/12/2011,0
3/12/2011,2.2937
4/12/2011,0
5/12/2011,2.2937
6/12/2011,0
7/12/2011,0
8/12/2011,0
9/12/2011,11.8774
10/12/2011,0
11/12/2011,18.1413
12/12/2011,18.1413
13/12/2011,12.0942
14/12/2011,12.0942
15/12/2011,24.1885
16/12/2011,4.3472
17/12/2011,0
18/12/2011,0
19/12/2011,0
20/12/2011,0
21/12/2011,0
22/12/2011,0
23/12/2011,0
24/12/2011,4.6026
25/12/2011,0
26/12/2011,6.6182
27/12/2011,0
28/12/2011,9.9273
29/12/2011,0
30/12/2011,0
31/12/2011,3.3091
1/1/2012,0
2/1/2012,0
3/1/2012,0
4/1/2012,0
5/1/2012,0
6/1/2012,0
7/1/2012,0
8/1/2012,0
9/1/2012,0
10/1/2012,0
11/1/2012,0
12/1/2012,9.5909
13/1/2012,9.5909
14/1/2012,0
15/1/2012,0
16/1/2012,0
17/1/2012,0
18/1/2012,17.939
19/1/2012,0
20/1/2012,0
21/1/2012,0
22/1/2012,0
23/1/2012,0
24/1/2012,0
25/1/2012,0
26/1/2012,0
27/1/2012,0
28/1/2012,0
29/1/2012,0
30/1/2012,0
31/1/2012,0
1/2/2012,0
2/2/2012,5.4284
3/2/2012,0
4/2/2012,0
5/2/2012,5.4284
6/2/2012,0
7/2/2012,0
8/2/2012,0
9/2/2012,0
10/2/2012,0
11/2/2012,8.0582
12/2/2012,12.0873
13/2/2012,0
14/2/2012,8.0582
15/2/2012,8.0582
16/2/2012,0
17/2/2012,0
18/2/2012,0
19/2/2012,0
20/2/2012,0
21/2/2012,0
22/2/2012,0
23/2/2012,9.9571
24/2/2012,6.6381
25/2/2012,0
26/2/2012,0
27/2/2012,0
28/2/2012,0
29/2/2012,0
1/3/2012,0
2/3/2012,0
3/3/2012,0
4/3/2012,0
5/3/2012,0
6/3/2012,0
7/3/2012,0
8/3/2012,0
9/3/2012,0
10/3/2012,0
11/3/2012,0
12/3/2012,0
13/3/2012,0
14/3/2012,0
15/3/2012,0
16/3/2012,24.2991
17/3/2012,0
18/3/2012,0
19/3/2012,0
20/3/2012,0
21/3/2012,0
22/3/2012,0
23/3/2012,0
24/3/2012,0
25/3/2012,0
26/3/2012,0
27/3/2012,0
28/3/2012,0
29/3/2012,0
30/3/2012,24.2099
31/3/2012,8.07
1/4/2012,4.5137
2/4/2012,0
3/4/2012,0
4/4/2012,0
5/4/2012,0
6/4/2012,0
7/4/2012,0
8/4/2012,0
9/4/2012,0
10/4/2012,0
11/4/2012,0
12/4/2012,0
13/4/2012,0
14/4/2012,0
15/4/2012,0
16/4/2012,0
17/4/2012,0
18/4/2012,0
19/4/2012,0
20/4/2012,0
21/4/2012,0
22/4/2012,0
23/4/2012,0
24/4/2012,6.8633
25/4/2012,0
26/4/2012,3.6089
27/4/2012,0
28/4/2012,0
29/4/2012,0
30/4/2012,0
1/5/2012,0
2/5/2012,0
3/5/2012,0
4/5/2012,0
5/5/2012,0
6/5/2012,0
7/5/2012,0
8/5/2012,0
9/5/2012,0
10/5/2012,0
11/5/2012,0
12/5/2012,0
13/5/2012,0
14/5/2012,0
15/5/2012,0
16/5/2012,0
17/5/2012,0
18/5/2012,0
19/5/2012,0
20/5/2012,0
21/5/2012,0
22/5/2012,0
23/5/2012,0
24/5/2012,0
25/5/2012,0
26/5/2012,0
27/5/2012,0
28/5/2012,0
29/5/2012,0
30/5/2012,0
31/5/2012,0
1/6/2012,0
2/6/2012,0
3/6/2012,0
4/6/2012,0
5/6/2012,0
6/6/2012,0
7/6/2012,0
8/6/2012,0
9/6/2012,0
10/6/2012,0
11/6/2012,0
12/6/2012,0
13/6/2012,0
14/6/2012,0
15/6/2012,0
16/6/2012,0
17/6/2012,0
18/6/2012,0
19/6/2012,0
20/6/2012,0
21/6/2012,0
22/6/2012,0
23/6/2012,0
24/6/2012,0
25/6/2012,0
26/6/2012,0
27/6/2012,0
28/6/2012,0
29/6/2012,0
30/6/2012,0
1/7/2012,0
2/7/2012,0
3/7/2012,0
4/7/2012,0
5/7/2012,0
6/7/2012,0
7/7/2012,0
8/7/2012,0
9/7/2012,0
10/7/2012,0
11/7/2012,0
12/7/2012,0
13/7/2012,0
14/7/2012,0
15/7/2012,0
16/7/2012,0
17/7/2012,0
18/7/2012,0
19/7/2012,0
20/7/2012,0
21/7/2012,0
22/7/2012,0
23/7/2012,0
24/7/2012,0
25/7/2012,0
26/7/2012,0
27/7/2012,0
28/7/2012,0
29/7/2012,0
30/7/2012,0
31/7/2012,0
1/8/2012,0
2/8/2012,0
3/8/2012,0
4/8/2012,0
5/8/2012,0
6/8/2012,0
7/8/2012,0
8/8/2012,0
9/8/2012,0
10/8/2012,0
11/8/2012,0
12/8/2012,0
13/8/2012,0
14/8/2012,0
15/8/2012,0
16/8/2012,0
17/8/2012,0
18/8/2012,0
19/8/2012,0
20/8/2012,0
21/8/2012,0
22/8/2012,0
23/8/2012,0
24/8/2012,0
25/8/2012,0
26/8/2012,0
27/8/2012,0
28/8/2012,0
29/8/2012,0
30/8/2012,0
31/8/2012,0
1/9/2012,0
2/9/2012,0
3/9/2012,0
4/9/2012,0
5/9/2012,0
6/9/2012,0
7/9/2012,0
8/9/2012,0
9/9/2012,0
10/9/2012,0
11/9/2012,0
12/9/2012,0
13/9/2012,0
14/9/2012,0
15/9/2012,0
16/9/2012,0
17/9/2012,0
18/9/2012,0
19/9/2012,0
20/9/2012,0
21/9/2012,0
22/9/2012,0
23/9/2012,0
24/9/2012,0
25/9/2012,0
26/9/2012,0
27/9/2012,0
28/9/2012,0
29/9/2012,0
30/9/2012,0
1/10/2012,0
2/10/2012,0
3/10/2012,0
4/10/2012,0
5/10/2012,0
6/10/2012,0
7/10/2012,0
8/10/2012,0
9/10/2012,0
10/10/2012,0
11/10/2012,0
12/10/2012,0
13/10/2012,0
14/10/2012,0
15/10/2012,0
16/10/2012,4.1274
17/10/2012,2.0637
18/10/2012,0
19/10/2012,4.1274
20/10/2012,2.0637
21/10/2012,0
22/10/2012,4.8883
23/10/2012,4.8883
24/10/2012,0
25/10/2012,0
26/10/2012,0
27/10/2012,0
28/10/2012,0
29/10/2012,0
30/10/2012,0
31/10/2012,0
1/11/2012,0
2/11/2012,0
3/11/2012,0
4/11/2012,0
5/11/2012,0
6/11/2012,0
7/11/2012,0
8/11/2012,2.1947
9/11/2012,4.3894
10/11/2012,0
11/11/2012,2.7087
12/11/2012,0
13/11/2012,0
14/11/2012,0
15/11/2012,0
16/11/2012,0
17/11/2012,1.6426
18/11/2012,0
19/11/2012,0
20/11/2012,0
21/11/2012,0
22/11/2012,9.6849
23/11/2012,0
24/11/2012,3.2283
25/11/2012,6.4566
26/11/2012,0
27/11/2012,0
28/11/2012,0
29/11/2012,0
30/11/2012,0
1/12/2012,0
2/12/2012,0
3/12/2012,0
4/12/2012,0
5/12/2012,5.3122
6/12/2012,0
7/12/2012,0
8/12/2012,0
9/12/2012,0
10/12/2012,9.1476
11/12/2012,5.3765
12/12/2012,0
13/12/2012,0
14/12/2012,0
15/12/2012,0
16/12/2012,3.1712
17/12/2012,3.1712
18/12/2012,3.1712
19/12/2012,0
20/12/2012,0
21/12/2012,0
22/12/2012,0
23/12/2012,0
24/12/2012,0
25/12/2012,0
26/12/2012,0
27/12/2012,11.1863
28/12/2012,0
29/12/2012,0
30/12/2012,5.5931
31/12/2012,0
1/1/2013,8.3152
2/1/2013,24.9457
3/1/2013,0
4/1/2013,8.3152
5/1/2013,16.6304
6/1/2013,0
7/1/2013,0
8/1/2013,0
9/1/2013,0
10/1/2013,0
11/1/2013,21.6265
12/1/2013,0
13/1/2013,0
14/1/2013,0
15/1/2013,75.6928
16/1/2013,20.859
17/1/2013,6.953
18/1/2013,0
19/1/2013,20.859
20/1/2013,41.718
21/1/2013,7.0785
22/1/2013,0
23/1/2013,0
24/1/2013,0
25/1/2013,0
26/1/2013,0
27/1/2013,0
28/1/2013,0
29/1/2013,0
30/1/2013,0
31/1/2013,0
1/2/2013,0
2/2/2013,0
3/2/2013,0
4/2/2013,0
5/2/2013,19.6173
6/2/2013,0
7/2/2013,0
8/2/2013,0
9/2/2013,0
10/2/2013,0
11/2/2013,0
12/2/2013,0
13/2/2013,0
14/2/2013,0
15/2/2013,0
16/2/2013,0
17/2/2013,0
18/2/2013,0
19/2/2013,0
20/2/2013,0
21/2/2013,0
22/2/2013,0
23/2/2013,0
24/2/2013,0
25/2/2013,0
26/2/2013,0
27/2/2013,0
28/2/2013,0
1/3/2013,10.1272
2/3/2013,0
3/3/2013,0
4/3/2013,0
5/3/2013,0
6/3/2013,0
7/3/2013,0
8/3/2013,11.5215
9/3/2013,0
10/3/2013,6.5488
11/3/2013,0
12/3/2013,0
13/3/2013,0
14/3/2013,0
15/3/2013,0
16/3/2013,0
17/3/2013,0
18/3/2013,0
19/3/2013,0
20/3/2013,0
21/3/2013,0
22/3/2013,0
23/3/2013,0
24/3/2013,0
25/3/2013,0
26/3/2013,0
27/3/2013,0
28/3/2013,0
29/3/2013,0
30/3/2013,0
31/3/2013,0
1/4/2013,0
2/4/2013,0
3/4/2013,0
4/4/2013,0
5/4/2013,0
6/4/2013,0
7/4/2013,0
8/4/2013,0
9/4/2013,0
10/4/2013,4.1361
11/4/2013,0
12/4/2013,0
13/4/2013,0
14/4/2013,0
15/4/2013,0
16/4/2013,0
17/4/2013,0
18/4/2013,0
19/4/2013,0
20/4/2013,5.2583
21/4/2013,0
22/4/2013,0
23/4/2013,0
24/4/2013,0
25/4/2013,0
26/4/2013,0
27/4/2013,0
28/4/2013,0
29/4/2013,0
30/4/2013,5.7966
1/5/2013,0
2/5/2013,0
3/5/2013,0
4/5/2013,0
5/5/2013,0
6/5/2013,0
7/5/2013,0
8/5/2013,0
9/5/2013,0
10/5/2013,0
11/5/2013,0
12/5/2013,0
13/5/2013,0
14/5/2013,0
15/5/2013,0
16/5/2013,0
17/5/2013,0
18/5/2013,0
19/5/2013,0
20/5/2013,0
21/5/2013,0
22/5/2013,0
23/5/2013,0
24/5/2013,0
25/5/2013,0
26/5/2013,0
27/5/2013,0
28/5/2013,0
29/5/2013,0
30/5/2013,0
31/5/2013,0
1/6/2013,0
2/6/2013,0
3/6/2013,0
4/6/2013,0
5/6/2013,0
6/6/2013,0
7/6/2013,0
8/6/2013,0
9/6/2013,0
10/6/2013,0
11/6/2013,0
12/6/2013,0
13/6/2013,0
14/6/2013,0
15/6/2013,0
16/6/2013,0
17/6/2013,0
18/6/2013,0
19/6/2013,0
20/6/2013,0
21/6/2013,0
22/6/2013,0
23/6/2013,0
24/6/2013,0
25/6/2013,0
26/6/2013,0
27/6/2013,0
28/6/2013,0
29/6/2013,0
30/6/2013,0
1/7/2013,0
2/7/2013,0
3/7/2013,0
4/7/2013,0
5/7/2013,0
6/7/2013,0
7/7/2013,0
8/7/2013,0
9/7/2013,0
10/7/2013,0
11/7/2013,0
12/7/2013,0
13/7/2013,0
14/7/2013,0
15/7/2013,0
16/7/2013,0
17/7/2013,0
18/7/2013,0
19/7/2013,0
20/7/2013,0
21/7/2013,0
22/7/2013,0
23/7/2013,0
24/7/2013,0
25/7/2013,0
26/7/2013,0
27/7/2013,0
28/7/2013,0
29/7/2013,0
30/7/2013,0
31/7/2013,0
1/8/2013,0
2/8/2013,0
3/8/2013,0
4/8/2013,0
5/8/2013,0
6/8/2013,0
7/8/2013,0
8/8/2013,0
9/8/2013,0
10/8/2013,0
11/8/2013,0
12/8/2013,0
13/8/2013,0
14/8/2013,0
15/8/2013,0
16/8/2013,0
17/8/2013,0
18/8/2013,0
19/8/2013,0
20/8/2013,0
21/8/2013,0
22/8/2013,0
23/8/2013,0
24/8/2013,0
25/8/2013,0
26/8/2013,0
27/8/2013,0
28/8/2013,0
29/8/2013,0
30/8/2013,0
31/8/2013,0
1/9/2013,0
2/9/2013,0
3/9/2013,0
4/9/2013,0
5/9/2013,0
6/9/2013,0
7/9/2013,0
8/9/2013,0
9/9/2013,0
10/9/2013,0
11/9/2013,0
12/9/2013,0
13/9/2013,0
14/9/2013,0
15/9/2013,0
16/9/2013,0
17/9/2013,0
18/9/2013,0
19/9/2013,0
20/9/2013,0
21/9/2013,0
22/9/2013,0
23/9/2013,0
24/9/2013,0
25/9/2013,0
26/9/2013,0
27/9/2013,0
28/9/2013,0
29/9/2013,4.1585
30/9/2013,1.6123
1/10/2013,0
2/10/2013,0
3/10/2013,0
4/10/2013,0
5/10/2013,0
6/10/2013,0
7/10/2013,0
8/10/2013,0
9/10/2013,0
10/10/2013,0
11/10/2013,0
12/10/2013,0
13/10/2013,0
14/10/2013,0
15/10/2013,0
16/10/2013,0
17/10/2013,0
18/10/2013,0
19/10/2013,0
20/10/2013,0
21/10/2013,5.0348
22/10/2013,0
23/10/2013,0
24/10/2013,0
25/10/2013,0
26/10/2013,0
27/10/2013,0
28/10/2013,0
29/10/2013,7.6874
30/10/2013,7.6874
31/10/2013,0
1/11/2013,0
2/11/2013,0
3/11/2013,0
4/11/2013,0
5/11/2013,0
6/11/2013,0
7/11/2013,0
8/11/2013,7.9818
9/11/2013,0
10/11/2013,3.9909
11/11/2013,3.5643
12/11/2013,0
13/11/2013,0
14/11/2013,0
15/11/2013,0
16/11/2013,0
17/11/2013,0
18/11/2013,0
19/11/2013,0
20/11/2013,6.2468
21/11/2013,29.1603
22/11/2013,0
23/11/2013,0
24/11/2013,0
25/11/2013,0
26/11/2013,0
27/11/2013,0
28/11/2013,0
29/11/2013,0
30/11/2013,0
1/12/2013,0
2/12/2013,0
3/12/2013,0
4/12/2013,5.4237
5/12/2013,5.4237
6/12/2013,0
7/12/2013,0
8/12/2013,0
9/12/2013,0
10/12/2013,2.8579
11/12/2013,9.8728
12/12/2013,4.9364
13/12/2013,0
14/12/2013,0
15/12/2013,4.9364
16/12/2013,0
17/12/2013,6.2351
18/12/2013,0
19/12/2013,0
20/12/2013,0
21/12/2013,0
22/12/2013,0
23/12/2013,0
24/12/2013,0
25/12/2013,0
26/12/2013,0
27/12/2013,12.2884
28/12/2013,12.2884
29/12/2013,12.2884
30/12/2013,12.2884
31/12/2013,0
1/1/2014,0
2/1/2014,0
3/1/2014,0
4/1/2014,0
5/1/2014,35.9558
6/1/2014,11.5148
7/1/2014,0
8/1/2014,0
9/1/2014,0
10/1/2014,0
11/1/2014,20.9562
12/1/2014,0
13/1/2014,0
14/1/2014,0
15/1/2014,0
16/1/2014,0
17/1/2014,0
18/1/2014,0
19/1/2014,0
20/1/2014,0
21/1/2014,0
22/1/2014,0
23/1/2014,0
24/1/2014,0
25/1/2014,0
26/1/2014,0
27/1/2014,15.322
28/1/2014,15.322
29/1/2014,0
30/1/2014,0
31/1/2014,30.644
1/2/2014,6.6395
2/2/2014,6.6395
3/2/2014,13.279
4/2/2014,0
5/2/2014,0
6/2/2014,27.5017
7/2/2014,16.501
8/2/2014,0
9/2/2014,0
10/2/2014,0
11/2/2014,0
12/2/2014,0
13/2/2014,0
14/2/2014,0
15/2/2014,0
16/2/2014,0
17/2/2014,0
18/2/2014,0
19/2/2014,0
20/2/2014,0
21/2/2014,0
22/2/2014,0
23/2/2014,0
24/2/2014,0
25/2/2014,0
26/2/2014,0
27/2/2014,0
28/2/2014,0
1/3/2014,10.9285
2/3/2014,13.6606
3/3/2014,13.6606
4/3/2014,5.4642
5/3/2014,16.3927
6/3/2014,0
7/3/2014,4.9425
8/3/2014,19.7701
9/3/2014,9.885
10/3/2014,9.885
11/3/2014,0
12/3/2014,10.1451
13/3/2014,30.4353
14/3/2014,0
15/3/2014,0
16/3/2014,0
17/3/2014,0
18/3/2014,0
19/3/2014,0
20/3/2014,0
21/3/2014,0
22/3/2014,0
23/3/2014,0
24/3/2014,0
25/3/2014,0
26/3/2014,0
27/3/2014,0
28/3/2014,0
29/3/2014,0
30/3/2014,0
31/3/2014,0
1/4/2014,0
2/4/2014,0
3/4/2014,0
4/4/2014,0
5/4/2014,0
6/4/2014,0
7/4/2014,0
8/4/2014,0
9/4/2014,0
10/4/2014,0
11/4/2014,0
12/4/2014,0
13/4/2014,0
14/4/2014,0
15/4/2014,0
16/4/2014,4.8126
17/4/2014,0
18/4/2014,0
19/4/2014,0
20/4/2014,0
21/4/2014,0
22/4/2014,0
23/4/2014,0
24/4/2014,0
25/4/2014,7.7522
26/4/2014,0
27/4/2014,0
28/4/2014,5.7724
29/4/2014,0
30/4/2014,0
1/5/2014,0
2/5/2014,0
3/5/2014,0
4/5/2014,0
5/5/2014,0
6/5/2014,0
7/5/2014,0
8/5/2014,0
9/5/2014,0
10/5/2014,0
11/5/2014,0
12/5/2014,0
13/5/2014,0
14/5/2014,0
15/5/2014,0
16/5/2014,0
17/5/2014,0
18/5/2014,0
19/5/2014,0
20/5/2014,0
21/5/2014,0
22/5/2014,0
23/5/2014,0
24/5/2014,0
25/5/2014,0
26/5/2014,0
27/5/2014,0
28/5/2014,0
29/5/2014,0
30/5/2014,0
31/5/2014,0
1/6/2014,0
2/6/2014,0
3/6/2014,0
4/6/2014,0
5/6/2014,0
6/6/2014,0
7/6/2014,0
8/6/2014,0
9/6/2014,0
10/6/2014,0
11/6/2014,0
12/6/2014,0
13/6/2014,0
14/6/2014,0
15/6/2014,0
16/6/2014,0
17/6/2014,0
18/6/2014,0
19/6/2014,0
20/6/2014,0
21/6/2014,0
22/6/2014,0
23/6/2014,0
24/6/2014,0
25/6/2014,0
26/6/2014,0
27/6/2014,0
28/6/2014,0
29/6/2014,0
30/6/2014,0
1/7/2014,0
2/7/2014,0
3/7/2014,0
4/7/2014,0
5/7/2014,0
6/7/2014,0
7/7/2014,0
8/7/2014,0
9/7/2014,0
10/7/2014,0
11/7/2014,0
12/7/2014,0
13/7/2014,0
14/7/2014,0
15/7/2014,0
16/7/2014,0
17/7/2014,0
18/7/2014,0
19/7/2014,0
20/7/2014,0
21/7/2014,0
22/7/2014,0
23/7/2014,0
24/7/2014,0
25/7/2014,0
26/7/2014,0
27/7/2014,0
28/7/2014,0
29/7/2014,0
30/7/2014,0
31/7/2014,0
1/8/2014,0
2/8/2014,0
3/8/2014,0
4/8/2014,0
5/8/2014,0
6/8/2014,0
7/8/2014,0
8/8/2014,0
9/8/2014,0
10/8/2014,0
11/8/2014,0
12/8/2014,0
13/8/2014,0
14/8/2014,0
15/8/2014,0
16/8/2014,0
17/8/2014,0
18/8/2014,0
19/8/2014,0
20/8/2014,0
21/8/2014,0
22/8/2014,0
23/8/2014,0
24/8/2014,0
25/8/2014,0
26/8/2014,0
27/8/2014,0
28/8/2014,0
29/8/2014,0
30/8/2014,0
31/8/2014,0
1/9/2014,0
2/9/2014,0
3/9/2014,0
4/9/2014,0
5/9/2014,0
6/9/2014,0
7/9/2014,0
8/9/2014,0
9/9/2014,0
10/9/2014,0
11/9/2014,0
12/9/2014,0
13/9/2014,0
14/9/2014,0
15/9/2014,0
16/9/2014,0
17/9/2014,0
18/9/2014,0
19/9/2014,0
20/9/2014,0
21/9/2014,0
22/9/2014,0
23/9/2014,0
24/9/2014,0
25/9/2014,0
26/9/2014,0
27/9/2014,0
28/9/2014,0
29/9/2014,0
30/9/2014,0
1/10/2014,0
2/10/2014,0
3/10/2014,0
4/10/2014,0
5/10/2014,0
6/10/2014,0
7/10/2014,0
8/10/2014,0
9/10/2014,0
10/10/2014,0
11/10/2014,0
12/10/2014,7.0836
13/10/2014,0
14/10/2014,0
15/10/2014,0
16/10/2014,3.8768
17/10/2014,0
18/10/2014,0
19/10/2014,0
20/10/2014,0
21/10/2014,0
22/10/2014,0
23/10/2014,0
24/10/2014,0
25/10/2014,0
26/10/2014,0
27/10/2014,0
28/10/2014,0
29/10/2014,0
30/10/2014,0
31/10/2014,0
1/11/2014,0
2/11/2014,0
3/11/2014,0
4/11/2014,10.2117
5/11/2014,0
6/11/2014,0
7/11/2014,0
8/11/2014,0
9/11/2014,0
10/11/2014,0
11/11/2014,0
12/11/2014,8.8316
13/11/2014,4.4158
14/11/2014,4.4158
15/11/2014,8.8316
16/11/2014,6.9874
17/11/2014,0
18/11/2014,0
19/11/2014,0
20/11/2014,0
21/11/2014,0
22/11/2014,0
23/11/2014,0
24/11/2014,0
25/11/2014,0
26/11/2014,0
27/11/2014,0
28/11/2014,0
29/11/2014,10.4902
30/11/2014,0
1/12/2014,0
2/12/2014,0
3/12/2014,0
4/12/2014,0
5/12/2014,0
6/12/2014,0
7/12/2014,0
8/12/2014,0
9/12/2014,3.3737
10/12/2014,0
11/12/2014,6.3877
12/12/2014,6.3877
13/12/2014,3.1938
14/12/2014,0
15/12/2014,3.1938
16/12/2014,12.1436
17/12/2014,0
18/12/2014,12.1436
19/12/2014,24.2871
20/12/2014,12.1436
21/12/2014,7.3686
22/12/2014,11.053
23/12/2014,0
24/12/2014,3.6843
25/12/2014,22.1059
26/12/2014,2.2947
27/12/2014,13.7681
28/12/2014,13.7681
29/12/2014,0
30/12/2014,0
31/12/2014,0
1/1/2015,4.9622
2/1/2015,0
3/1/2015,0
4/1/2015,0
5/1/2015,0
6/1/2015,0
7/1/2015,0
8/1/2015,0
9/1/2015,0
10/1/2015,4.9827
11/1/2015,0
12/1/2015,0
13/1/2015,0
14/1/2015,0
15/1/2015,0
16/1/2015,0
17/1/2015,0
18/1/2015,0
19/1/2015,0
20/1/2015,0
21/1/2015,0
22/1/2015,0
23/1/2015,0
24/1/2015,0
25/1/2015,0
26/1/2015,0
27/1/2015,0
28/1/2015,0
29/1/2015,5.8894
30/1/2015,0
31/1/2015,0
1/2/2015,23.0393
2/2/2015,23.0393
3/2/2015,11.5197
4/2/2015,0
5/2/2015,0
6/2/2015,0
7/2/2015,0
8/2/2015,0
9/2/2015,0
10/2/2015,0
11/2/2015,0
12/2/2015,0
13/2/2015,0
14/2/2015,0
15/2/2015,7.0404
16/2/2015,0
17/2/2015,0
18/2/2015,0
19/2/2015,0
20/2/2015,0
21/2/2015,0
22/2/2015,0
23/2/2015,0
24/2/2015,0
25/2/2015,0
26/2/2015,0
27/2/2015,0
28/2/2015,0
1/3/2015,0
2/3/2015,0
3/3/2015,0
4/3/2015,0
5/3/2015,0
6/3/2015,0
7/3/2015,0
8/3/2015,0
9/3/2015,0
10/3/2015,0
11/3/2015,0
12/3/2015,0
13/3/2015,0
14/3/2015,0
15/3/2015,0
16/3/2015,0
17/3/2015,0
18/3/2015,19.2977
19/3/2015,19.2977
20/3/2015,0
21/3/2015,0
22/3/2015,0
23/3/2015,0
24/3/2015,0
25/3/2015,0
26/3/2015,0
27/3/2015,14.0641
28/3/2015,42.1923
29/3/2015,0
30/3/2015,0
31/3/2015,0
1/4/2015,0
2/4/2015,0
3/4/2015,0
4/4/2015,0
5/4/2015,25.8834
6/4/2015,0
7/4/2015,0
8/4/2015,0
9/4/2015,0
10/4/2015,0
11/4/2015,0
12/4/2015,0
13/4/2015,0
14/4/2015,0
15/4/2015,0
16/4/2015,0
17/4/2015,0
18/4/2015,0
19/4/2015,0
20/4/2015,0
21/4/2015,0
22/4/2015,0
23/4/2015,0
24/4/2015,0
25/4/2015,0
26/4/2015,0
27/4/2015,0
28/4/2015,0
29/4/2015,0
30/4/2015,0
1/5/2015,0
2/5/2015,0
3/5/2015,0
4/5/2015,0
5/5/2015,0
6/5/2015,0
7/5/2015,0
8/5/2015,0
9/5/2015,0
10/5/2015,0
11/5/2015,0
12/5/2015,0
13/5/2015,0
14/5/2015,0
15/5/2015,0
16/5/2015,0
17/5/2015,0
18/5/2015,0
19/5/2015,0
20/5/2015,0
21/5/2015,0
22/5/2015,0
23/5/2015,0
24/5/2015,0
25/5/2015,0
26/5/2015,0
27/5/2015,0
28/5/2015,0
29/5/2015,0
30/5/2015,0
31/5/2015,0
1/6/2015,0
2/6/2015,0
3/6/2015,0
4/6/2015,0
5/6/2015,0
6/6/2015,0
7/6/2015,0
8/6/2015,0
9/6/2015,0
10/6/2015,0
11/6/2015,0
12/6/2015,0
13/6/2015,0
14/6/2015,0
15/6/2015,0
16/6/2015,0
17/6/2015,0
18/6/2015,0
19/6/2015,0
20/6/2015,0
21/6/2015,0
22/6/2015,0
23/6/2015,0
24/6/2015,0
25/6/2015,0
26/6/2015,0
27/6/2015,0
28/6/2015,0
29/6/2015,0
30/6/2015,0
1/7/2015,0
2/7/2015,0
3/7/2015,0
4/7/2015,0
5/7/2015,0
6/7/2015,0
7/7/2015,0
8/7/2015,0
9/7/2015,0
10/7/2015,0
11/7/2015,0
12/7/2015,0
13/7/2015,0
14/7/2015,0
15/7/2015,0
16/7/2015,0
17/7/2015,0
18/7/2015,0
19/7/2015,0
20/7/2015,0
21/7/2015,0
22/7/2015,0
23/7/2015,0
24/7/2015,0
25/7/2015,0
26/7/2015,0
27/7/2015,0
28/7/2015,0
29/7/2015,0
30/7/2015,0
31/7/2015,0
1/8/2015,0
2/8/2015,0
3/8/2015,0
4/8/2015,0
5/8/2015,0
6/8/2015,0
7/8/2015,0
8/8/2015,0
9/8/2015,0
10/8/2015,0
11/8/2015,0
12/8/2015,0
13/8/2015,0
14/8/2015,0
15/8/2015,0
16/8/2015,0
17/8/2015,0
18/8/2015,0
19/8/2015,0
20/8/2015,0
21/8/2015,0
22/8/2015,0
23/8/2015,0
24/8/2015,0
25/8/2015,0
26/8/2015,0
27/8/2015,0
28/8/2015,0
29/8/2015,0
30/8/2015,0
31/8/2015,0
1/9/2015,0
2/9/2015,0
3/9/2015,0
4/9/2015,0
5/9/2015,0
6/9/2015,0
7/9/2015,0
8/9/2015,0
9/9/2015,0
10/9/2015,0
11/9/2015,0
12/9/2015,0
13/9/2015,0
14/9/2015,0
15/9/2015,0
16/9/2015,0
17/9/2015,0
18/9/2015,0
19/9/2015,0
20/9/2015,0
21/9/2015,4.1577
22/9/2015,0
23/9/2015,0
24/9/2015,0
25/9/2015,0
26/9/2015,0
27/9/2015,0
28/9/2015,0
29/9/2015,0
30/9/2015,4.7404
1/10/2015,0
2/10/2015,0
3/10/2015,0
4/10/2015,0
5/10/2015,0
6/10/2015,0
7/10/2015,0
8/10/2015,0
9/10/2015,0
10/10/2015,0
11/10/2015,0
12/10/2015,0
13/10/2015,0
14/10/2015,2.6391
15/10/2015,0
16/10/2015,2.524
17/10/2015,0
18/10/2015,0
19/10/2015,0
20/10/2015,0
21/10/2015,0
22/10/2015,0
23/10/2015,0
24/10/2015,0
25/10/2015,0
26/10/2015,0
27/10/2015,0
28/10/2015,0
29/10/2015,0
30/10/2015,0
31/10/2015,0
1/11/2015,0
2/11/2015,0
3/11/2015,0
4/11/2015,0
5/11/2015,0
6/11/2015,0
7/11/2015,0
8/11/2015,0
9/11/2015,0
10/11/2015,0
11/11/2015,0
12/11/2015,0
13/11/2015,0
14/11/2015,0
15/11/2015,4.3593
16/11/2015,6.893
17/11/2015,4.5953
18/11/2015,0
19/11/2015,9.1907
20/11/2015,0
21/11/2015,0
22/11/2015,4.3419
23/11/2015,0
24/11/2015,0
25/11/2015,0
26/11/2015,0
27/11/2015,1.565
28/11/2015,0
29/11/2015,3.13
30/11/2015,0
1/12/2015,0
2/12/2015,0
3/12/2015,0
4/12/2015,0
5/12/2015,0
6/12/2015,0
7/12/2015,0
8/12/2015,3.4817
9/12/2015,6.9633
10/12/2015,3.4817
11/12/2015,0
12/12/2015,0
13/12/2015,13.0893
14/12/2015,0
15/12/2015,0
16/12/2015,0
17/12/2015,0
18/12/2015,0
19/12/2015,0
20/12/2015,0
21/12/2015,0
22/12/2015,0
23/12/2015,0
24/12/2015,0
25/12/2015,0
26/12/2015,0
27/12/2015,0
28/12/2015,0
29/12/2015,0
30/12/2015,0
31/12/2015,0
1/1/2016,0
2/1/2016,0
3/1/2016,0
4/1/2016,0
5/1/2016,0
6/1/2016,0
7/1/2016,0
8/1/2016,0
9/1/2016,0
10/1/2016,0
11/1/2016,0
12/1/2016,9.695
13/1/2016,0
14/1/2016,9.695
15/1/2016,29.0851
16/1/2016,6.4028
17/1/2016,0
18/1/2016,0
19/1/2016,0
20/1/2016,0
21/1/2016,0
22/1/2016,0
23/1/2016,0
24/1/2016,11.9554
25/1/2016,11.9554
26/1/2016,0
27/1/2016,0
28/1/2016,0
29/1/2016,0
30/1/2016,0
31/1/2016,0
1/2/2016,0
2/2/2016,0
3/2/2016,0
4/2/2016,0
5/2/2016,0
6/2/2016,10.3173
7/2/2016,10.3173
8/2/2016,0
9/2/2016,0
10/2/2016,0
11/2/2016,0
12/2/2016,0
13/2/2016,0
14/2/2016,0
15/2/2016,0
16/2/2016,0
17/2/2016,0
18/2/2016,0
19/2/2016,0
20/2/2016,0
21/2/2016,14.7846
22/2/2016,7.3923
23/2/2016,36.9615
24/2/2016,0
25/2/2016,0
26/2/2016,11.4866
27/2/2016,3.8289
28/2/2016,0
29/2/2016,0
1/3/2016,0
2/3/2016,0
3/3/2016,0
4/3/2016,0
5/3/2016,0
6/3/2016,0
7/3/2016,0
8/3/2016,19.1334
9/3/2016,12.7556
10/3/2016,31.889
11/3/2016,21.833
12/3/2016,0
13/3/2016,0
14/3/2016,0
15/3/2016,0
16/3/2016,7.4487
17/3/2016,0
18/3/2016,7.4487
19/3/2016,17.0256
20/3/2016,22.3461
21/3/2016,0
22/3/2016,4.1209
23/3/2016,0
24/3/2016,0
25/3/2016,0
26/3/2016,0
27/3/2016,0
28/3/2016,0
29/3/2016,0
30/3/2016,0
31/3/2016,0
1/4/2016,0
2/4/2016,0
3/4/2016,0
4/4/2016,0
5/4/2016,0
6/4/2016,0
7/4/2016,0
8/4/2016,0
9/4/2016,0
10/4/2016,0
11/4/2016,0
12/4/2016,0
13/4/2016,0
14/4/2016,0
15/4/2016,0
16/4/2016,4.5609
17/4/2016,0
18/4/2016,0
19/4/2016,0
20/4/2016,0
21/4/2016,0
22/4/2016,0
23/4/2016,0
24/4/2016,4.5085
25/4/2016,0
26/4/2016,0
27/4/2016,0
28/4/2016,0
29/4/2016,0
30/4/2016,0
1/5/2016,0
2/5/2016,0
3/5/2016,0
4/5/2016,0
5/5/2016,0
6/5/2016,0
7/5/2016,0
8/5/2016,0
9/5/2016,0
10/5/2016,0
11/5/2016,0
12/5/2016,0
13/5/2016,0
14/5/2016,0
15/5/2016,0
16/5/2016,0
17/5/2016,0
18/5/2016,0
19/5/2016,0
20/5/2016,0
21/5/2016,0
22/5/2016,0
23/5/2016,0
24/5/2016,0
25/5/2016,0
26/5/2016,0
27/5/2016,0
28/5/2016,0
29/5/2016,0
30/5/2016,0
31/5/2016,0
1/6/2016,0
2/6/2016,0
3/6/2016,0
4/6/2016,0
5/6/2016,0
6/6/2016,0
7/6/2016,0
8/6/2016,0
9/6/2016,0
10/6/2016,0
11/6/2016,0
12/6/2016,0
13/6/2016,0
14/6/2016,0
15/6/2016,0
16/6/2016,0
17/6/2016,0
18/6/2016,0
19/6/2016,0
20/6/2016,0
21/6/2016,0
22/6/2016,0
23/6/2016,0
24/6/2016,0
25/6/2016,0
26/6/2016,0
27/6/2016,0
28/6/2016,0
29/6/2016,0
30/6/2016,0
1/7/2016,0
2/7/2016,0
3/7/2016,0
4/7/2016,0
5/7/2016,0
6/7/2016,0
7/7/2016,0
8/7/2016,0
9/7/2016,0
10/7/2016,0
11/7/2016,0
12/7/2016,0
13/7/2016,0
14/7/2016,0
15/7/2016,0
16/7/2016,0
17/7/2016,0
18/7/2016,0
19/7/2016,0
20/7/2016,0
21/7/2016,0
22/7/2016,0
23/7/2016,0
24/7/2016,0
25/7/2016,0
26/7/2016,0
27/7/2016,0
28/7/2016,0
29/7/2016,0
30/7/2016,0
31/7/2016,0
1/8/2016,0
2/8/2016,0
3/8/2016,0
4/8/2016,0
5/8/2016,0
6/8/2016,0
7/8/2016,0
8/8/2016,0
9/8/2016,0
10/8/2016,0
11/8/2016,0
12/8/2016,0
13/8/2016,0
14/8/2016,0
15/8/2016,0
16/8/2016,0
17/8/2016,0
18/8/2016,0
19/8/2016,0
20/8/2016,0
21/8/2016,0
22/8/2016,0
23/8/2016,0
24/8/2016,0
25/8/2016,0
26/8/2016,0
27/8/2016,0
28/8/2016,0
29/8/2016,0
30/8/2016,0
31/8/2016,0
1/9/2016,0
2/9/2016,0
3/9/2016,0
4/9/2016,0
5/9/2016,0
6/9/2016,0
7/9/2016,0
8/9/2016,0
9/9/2016,0
10/9/2016,0
11/9/2016,0
12/9/2016,0
13/9/2016,0
14/9/2016,0
15/9/2016,0
16/9/2016,0
17/9/2016,0
18/9/2016,0
19/9/2016,0
20/9/2016,0
21/9/2016,0
22/9/2016,0
23/9/2016,0
24/9/2016,0
25/9/2016,0
26/9/2016,0
27/9/2016,0
28/9/2016,0
29/9/2016,0
30/9/2016,0
1/10/2016,3.7595
2/10/2016,1.8797
3/10/2016,0
4/10/2016,0
5/10/2016,0
6/10/2016,0
7/10/2016,0
8/10/2016,0
9/10/2016,0
10/10/2016,0
11/10/2016,0
12/10/2016,0
13/10/2016,0
14/10/2016,0
15/10/2016,0
16/10/2016,0
17/10/2016,0
18/10/2016,0
19/10/2016,0
20/10/2016,0
21/10/2016,0
22/10/2016,2.0523
23/10/2016,0
24/10/2016,6.1568
25/10/2016,0
26/10/2016,0
27/10/2016,0
28/10/2016,0
29/10/2016,0
30/10/2016,0
31/10/2016,0
1/11/2016,0
2/11/2016,0
3/11/2016,3.8934
4/11/2016,0
5/11/2016,0
6/11/2016,0
7/11/2016,0
8/11/2016,0
9/11/2016,0
10/11/2016,6.3555
11/11/2016,4.061
12/11/2016,2.0305
13/11/2016,6.0915
14/11/2016,4.061
15/11/2016,0
16/11/2016,0
17/11/2016,0
18/11/2016,6.3835
19/11/2016,3.1918
20/11/2016,3.1918
21/11/2016,5.2119
22/11/2016,0
23/11/2016,0
24/11/2016,0
25/11/2016,5.2119
26/11/2016,11.7411
27/11/2016,0
28/11/2016,0
29/11/2016,0
30/11/2016,0
1/12/2016,0
2/12/2016,0
3/12/2016,0
4/12/2016,0
5/12/2016,4.4117
6/12/2016,0
7/12/2016,0
8/12/2016,0
9/12/2016,0
10/12/2016,5.8528
11/12/2016,7.7478
12/12/2016,7.7478
13/12/2016,7.7478
14/12/2016,15.4955
15/12/2016,30.9911
16/12/2016,15.1909
17/12/2016,0
18/12/2016,0
19/12/2016,0
20/12/2016,0
21/12/2016,0
22/12/2016,0
23/12/2016,0
24/12/2016,12.0707
25/12/2016,0
26/12/2016,0
27/12/2016,16.4317
28/12/2016,8.2158
29/12/2016,24.6475
30/12/2016,8.2158
31/12/2016,8.2158
1/1/2017,0
2/1/2017,0
3/1/2017,0
4/1/2017,0
5/1/2017,0
6/1/2017,16.4562
7/1/2017,24.6843
8/1/2017,16.4562
9/1/2017,0
10/1/2017,0
11/1/2017,0
12/1/2017,0
13/1/2017,0
14/1/2017,0
15/1/2017,0
16/1/2017,56.893
17/1/2017,0
18/1/2017,0
19/1/2017,0
20/1/2017,0
21/1/2017,0
22/1/2017,0
23/1/2017,0
24/1/2017,0
25/1/2017,0
26/1/2017,6.7988
27/1/2017,13.5976
28/1/2017,0
29/1/2017,27.1952
30/1/2017,27.1952
31/1/2017,40.7928
1/2/2017,0
2/2/2017,0
3/2/2017,0
4/2/2017,0
5/2/2017,0
6/2/2017,14.0738
7/2/2017,0
8/2/2017,0
9/2/2017,0
10/2/2017,0
11/2/2017,0
12/2/2017,0
13/2/2017,0
14/2/2017,0
15/2/2017,0
16/2/2017,0
17/2/2017,49.3171
18/2/2017,24.6585
19/2/2017,0
20/2/2017,0
21/2/2017,10
22/2/2017,39.9999
23/2/2017,10
24/2/2017,0
25/2/2017,0
26/2/2017,0
27/2/2017,10.516
28/2/2017,0
1/3/2017,0
2/3/2017,0
3/3/2017,0
4/3/2017,5.9249
5/3/2017,5.9249
6/3/2017,33.6168
7/3/2017,0
8/3/2017,0
9/3/2017,0
10/3/2017,0
11/3/2017,0
12/3/2017,0
13/3/2017,0
14/3/2017,0
15/3/2017,0
16/3/2017,0
17/3/2017,0
18/3/2017,0
19/3/2017,0
20/3/2017,0
21/3/2017,0
22/3/2017,0
23/3/2017,0
24/3/2017,0
25/3/2017,0
26/3/2017,0
27/3/2017,0
28/3/2017,0
29/3/2017,0
30/3/2017,0
31/3/2017,0
1/4/2017,0
2/4/2017,0
3/4/2017,0
4/4/2017,0
5/4/2017,0
6/4/2017,0
7/4/2017,0
8/4/2017,0
9/4/2017,0
10/4/2017,0
11/4/2017,0
12/4/2017,0
13/4/2017,0
14/4/2017,6.2664
15/4/2017,0
16/4/2017,0
17/4/2017,0
18/4/2017,0
19/4/2017,0
20/4/2017,0
21/4/2017,0
22/4/2017,0
23/4/2017,21.0958
24/4/2017,0
25/4/2017,0
26/4/2017,0
27/4/2017,0
28/4/2017,0
29/4/2017,0
30/4/2017,0
1/5/2017,0
2/5/2017,0
3/5/2017,0
4/5/2017,0
5/5/2017,0
6/5/2017,0
7/5/2017,0
8/5/2017,0
9/5/2017,0
10/5/2017,0
11/5/2017,0
12/5/2017,0
13/5/2017,0
14/5/2017,0
15/5/2017,0
16/5/2017,0
17/5/2017,0
18/5/2017,0
19/5/2017,0
20/5/2017,0
21/5/2017,0
22/5/2017,0
23/5/2017,0
24/5/2017,0
25/5/2017,0
26/5/2017,0
27/5/2017,0
28/5/2017,0
29/5/2017,0
30/5/2017,0
31/5/2017,0
1/6/2017,0
2/6/2017,0
3/6/2017,0
4/6/2017,0
5/6/2017,0
6/6/2017,0
7/6/2017,0
8/6/2017,0
9/6/2017,0
10/6/2017,0
11/6/2017,0
12/6/2017,0
13/6/2017,0
14/6/2017,0
15/6/2017,0
16/6/2017,0
17/6/2017,0
18/6/2017,0
19/6/2017,0
20/6/2017,0
21/6/2017,0
22/6/2017,0
23/6/2017,0
24/6/2017,0
25/6/2017,0
26/6/2017,0
27/6/2017,0
28/6/2017,0
29/6/2017,0
30/6/2017,0
1/7/2017,0
2/7/2017,0
3/7/2017,0
4/7/2017,0
5/7/2017,0
6/7/2017,0
7/7/2017,0
8/7/2017,0
9/7/2017,0
10/7/2017,0
11/7/2017,0
12/7/2017,0
13/7/2017,0
14/7/2017,0
15/7/2017,0
16/7/2017,0
17/7/2017,0
18/7/2017,0
19/7/2017,0
20/7/2017,0
21/7/2017,0
22/7/2017,0
23/7/2017,0
24/7/2017,0
25/7/2017,0
26/7/2017,0
27/7/2017,0
28/7/2017,0
29/7/2017,0
30/7/2017,0
31/7/2017,0
1/8/2017,0
2/8/2017,0
3/8/2017,0
4/8/2017,0
5/8/2017,0
6/8/2017,0
7/8/2017,0
8/8/2017,0
9/8/2017,0
10/8/2017,0
11/8/2017,0
12/8/2017,0
13/8/2017,0
14/8/2017,0
15/8/2017,0
16/8/2017,0
17/8/2017,0
18/8/2017,0
19/8/2017,0
20/8/2017,0
21/8/2017,0
22/8/2017,0
23/8/2017,0
24/8/2017,0
25/8/2017,0
26/8/2017,0
27/8/2017,0
28/8/2017,0
29/8/2017,0
30/8/2017,0
31/8/2017,0
1/9/2017,0
2/9/2017,0
3/9/2017,0
4/9/2017,0
5/9/2017,0
6/9/2017,0
7/9/2017,0
8/9/2017,0
9/9/2017,0
10/9/2017,0
11/9/2017,0
12/9/2017,0
13/9/2017,0
14/9/2017,0
15/9/2017,0
16/9/2017,0
17/9/2017,0
18/9/2017,0
19/9/2017,0
20/9/2017,0
21/9/2017,0
22/9/2017,0
23/9/2017,0
24/9/2017,0
25/9/2017,0
26/9/2017,0
27/9/2017,0
28/9/2017,0
29/9/2017,0
30/9/2017,0
1/10/2017,0
2/10/2017,0
3/10/2017,0
4/10/2017,0
5/10/2017,0
6/10/2017,0
7/10/2017,0
8/10/2017,15.0945
9/10/2017,15.0945
10/10/2017,0
11/10/2017,0
12/10/2017,0
13/10/2017,0
14/10/2017,0
15/10/2017,0
16/10/2017,0
17/10/2017,0
18/10/2017,0
19/10/2017,0
20/10/2017,9.7202
21/10/2017,8.607
22/10/2017,0
23/10/2017,0
24/10/2017,0
25/10/2017,0
26/10/2017,0
27/10/2017,6.7063
28/10/2017,6.7063
29/10/2017,6.7063
30/10/2017,0
31/10/2017,0
1/11/2017,0
2/11/2017,0
3/11/2017,0
4/11/2017,0
5/11/2017,0
6/11/2017,0
7/11/2017,0
8/11/2017,0
9/11/2017,0
10/11/2017,5.6521
11/11/2017,6.7102
12/11/2017,0
13/11/2017,0
14/11/2017,13.4204
15/11/2017,13.4204
16/11/2017,2.0289
17/11/2017,0
18/11/2017,0
19/11/2017,0
20/11/2017,0
21/11/2017,0
22/11/2017,0
23/11/2017,0
24/11/2017,0
25/11/2017,15.1095
26/11/2017,3.4819
27/11/2017,0
28/11/2017,0
29/11/2017,0
30/11/2017,0
1/12/2017,0
2/12/2017,0
3/12/2017,5.7146
4/12/2017,0
5/12/2017,0
6/12/2017,0
7/12/2017,0
8/12/2017,0
9/12/2017,0
10/12/2017,0
11/12/2017,0
12/12/2017,0
13/12/2017,0
14/12/2017,0
15/12/2017,0
16/12/2017,0
17/12/2017,0
18/12/2017,0
19/12/2017,0
20/12/2017,0
21/12/2017,0
22/12/2017,0
23/12/2017,10.9932
24/12/2017,5.4966
25/12/2017,0
26/12/2017,3.8802
27/12/2017,0
28/12/2017,0
29/12/2017,0
30/12/2017,0
31/12/2017,3.8802
1/1/2018,7.7409
2/1/2018,0
3/1/2018,0
4/1/2018,0
5/1/2018,0
6/1/2018,0
7/1/2018,0
8/1/2018,0
9/1/2018,0
10/1/2018,0
11/1/2018,0
12/1/2018,0
13/1/2018,0
14/1/2018,0
15/1/2018,0
16/1/2018,0
17/1/2018,0
18/1/2018,0
19/1/2018,0
20/1/2018,0
21/1/2018,0
22/1/2018,0
23/1/2018,0
24/1/2018,0
25/1/2018,0
26/1/2018,0
27/1/2018,0
28/1/2018,0
29/1/2018,28.7502
30/1/2018,0
31/1/2018,0
1/2/2018,0
2/2/2018,24.4479
3/2/2018,8.1493
4/2/2018,8.1493
5/2/2018,0
6/2/2018,0
7/2/2018,0
8/2/2018,0
9/2/2018,0
10/2/2018,0
11/2/2018,0
12/2/2018,0
13/2/2018,0
14/2/2018,0
15/2/2018,23.6856
16/2/2018,0
17/2/2018,0
18/2/2018,45.9748
19/2/2018,15.3249
20/2/2018,15.3249
21/2/2018,24.9025
22/2/2018,0
23/2/2018,16.6016
24/2/2018,16.6016
25/2/2018,24.9025
26/2/2018,3.813
27/2/2018,0
28/2/2018,0
1/3/2018,0
2/3/2018,0
3/3/2018,0
4/3/2018,0
5/3/2018,0
6/3/2018,0
7/3/2018,0
8/3/2018,6.098
9/3/2018,0
10/3/2018,0
11/3/2018,0
12/3/2018,0
13/3/2018,0
14/3/2018,0
15/3/2018,0
16/3/2018,0
17/3/2018,0
18/3/2018,0
19/3/2018,0
20/3/2018,0
21/3/2018,0
22/3/2018,1.6237
23/3/2018,6.4947
24/3/2018,4.871
25/3/2018,4.871
26/3/2018,0
27/3/2018,0
28/3/2018,0
29/3/2018,0
30/3/2018,0
31/3/2018,0
1/4/2018,4.9846
2/4/2018,0
3/4/2018,0
4/4/2018,0
5/4/2018,0
6/4/2018,0
7/4/2018,0
8/4/2018,0
9/4/2018,0
10/4/2018,0
11/4/2018,0
12/4/2018,0
13/4/2018,0
14/4/2018,0
15/4/2018,0
16/4/2018,0
17/4/2018,0
18/4/2018,0
19/4/2018,0
20/4/2018,0
21/4/2018,5.2055
22/4/2018,0
23/4/2018,0
24/4/2018,0
25/4/2018,0
26/4/2018,0
27/4/2018,0
28/4/2018,0
29/4/2018,0
30/4/2018,5.2218
1/5/2018,3.5161
2/5/2018,0
3/5/2018,0
4/5/2018,0
5/5/2018,0
6/5/2018,0
7/5/2018,0
8/5/2018,0
9/5/2018,0
10/5/2018,0
11/5/2018,0
12/5/2018,0
13/5/2018,0
14/5/2018,0
15/5/2018,0
16/5/2018,0
17/5/2018,0
18/5/2018,0
19/5/2018,0
20/5/2018,0
21/5/2018,0
22/5/2018,0
23/5/2018,0
24/5/2018,0
25/5/2018,0
26/5/2018,0
27/5/2018,0
28/5/2018,0
29/5/2018,0
30/5/2018,2.9408
31/5/2018,0
1/6/2018,0
2/6/2018,0
3/6/2018,0
4/6/2018,0
5/6/2018,0
6/6/2018,0
7/6/2018,0
8/6/2018,0
9/6/2018,0
10/6/2018,0
11/6/2018,0
12/6/2018,0
13/6/2018,0
14/6/2018,0
15/6/2018,0
16/6/2018,0
17/6/2018,0
18/6/2018,0
19/6/2018,0
20/6/2018,0
21/6/2018,0
22/6/2018,0
23/6/2018,0
24/6/2018,0
25/6/2018,0
26/6/2018,0
27/6/2018,0
28/6/2018,0
29/6/2018,0
30/6/2018,0
1/7/2018,0
2/7/2018,0
3/7/2018,0
4/7/2018,0
5/7/2018,0
6/7/2018,0
7/7/2018,0
8/7/2018,0
9/7/2018,0
10/7/2018,0
11/7/2018,0
12/7/2018,0
13/7/2018,0
14/7/2018,0
15/7/2018,0
16/7/2018,0
17/7/2018,0
18/7/2018,0
19/7/2018,0
20/7/2018,0
21/7/2018,0
22/7/2018,0
23/7/2018,0
24/7/2018,0
25/7/2018,0
26/7/2018,0
27/7/2018,0
28/7/2018,0
29/7/2018,0
30/7/2018,0
31/7/2018,0
1/8/2018,0
2/8/2018,0
3/8/2018,0
4/8/2018,0
5/8/2018,0
6/8/2018,0
7/8/2018,0
8/8/2018,0
9/8/2018,0
10/8/2018,0
11/8/2018,0
12/8/2018,0
13/8/2018,0
14/8/2018,0
15/8/2018,0
16/8/2018,0
17/8/2018,0
18/8/2018,0
19/8/2018,0
20/8/2018,0
21/8/2018,0
22/8/2018,0
23/8/2018,0
24/8/2018,0
25/8/2018,0
26/8/2018,0
27/8/2018,0
28/8/2018,0
29/8/2018,0
30/8/2018,0
31/8/2018,0
1/9/2018,0
2/9/2018,0
3/9/2018,0
4/9/2018,0
5/9/2018,0
6/9/2018,0
7/9/2018,0
8/9/2018,4.6591
9/9/2018,0
10/9/2018,0
11/9/2018,0
12/9/2018,0
13/9/2018,0
14/9/2018,0
15/9/2018,0
16/9/2018,0
17/9/2018,0
18/9/2018,0
19/9/2018,0
20/9/2018,0
21/9/2018,0
22/9/2018,0
23/9/2018,0
24/9/2018,0
25/9/2018,0
26/9/2018,0
27/9/2018,0
28/9/2018,0
29/9/2018,0
30/9/2018,0
1/10/2018,0
2/10/2018,0
3/10/2018,0
4/10/2018,0
5/10/2018,0
6/10/2018,0
7/10/2018,0
8/10/2018,0
9/10/2018,0
10/10/2018,0
11/10/2018,0
12/10/2018,0
13/10/2018,0
14/10/2018,0
15/10/2018,0
16/10/2018,0
17/10/2018,0
18/10/2018,0
19/10/2018,0
20/10/2018,0
21/10/2018,0
22/10/2018,0
23/10/2018,0
24/10/2018,5.746
25/10/2018,0
26/10/2018,0
27/10/2018,0
28/10/2018,0
29/10/2018,0
30/10/2018,0
31/10/2018,0
1/11/2018,0
2/11/2018,0
3/11/2018,0
4/11/2018,0
5/11/2018,0
6/11/2018,0
7/11/2018,0
8/11/2018,0
9/11/2018,0
10/11/2018,0
11/11/2018,0
12/11/2018,0
13/11/2018,0
14/11/2018,0
15/11/2018,0
16/11/2018,0
17/11/2018,0
18/11/2018,0
19/11/2018,0
20/11/2018,0
21/11/2018,0
22/11/2018,0
23/11/2018,1.6321
24/11/2018,4.8963
25/11/2018,0
26/11/2018,8.9727
27/11/2018,0
28/11/2018,4.4863
29/11/2018,8.9727
30/11/2018,0
1/12/2018,0
2/12/2018,0
3/12/2018,2.2431
4/12/2018,2.2431
5/12/2018,2.2431
6/12/2018,10.3564
7/12/2018,5.1782
8/12/2018,15.5346
9/12/2018,20.7128
10/12/2018,5.1782
11/12/2018,0
12/12/2018,0
13/12/2018,0
14/12/2018,0
15/12/2018,0
16/12/2018,0
17/12/2018,0
18/12/2018,0
19/12/2018,0
20/12/2018,0
21/12/2018,0.8554
22/12/2018,0.8782
23/12/2018,0
24/12/2018,0.0299
25/12/2018,2.9414
26/12/2018,2.3637
27/12/2018,0
28/12/2018,7.0912
29/12/2018,2.3637
30/12/2018,0
31/12/2018,2.3637
1/1/2019,25.6004
2/1/2019,6.4001
3/1/2019,6.4001
4/1/2019,0
5/1/2019,0
6/1/2019,0
7/1/2019,0
8/1/2019,0
9/1/2019,3.0039
10/1/2019,6.0079
11/1/2019,0
12/1/2019,0
13/1/2019,0
14/1/2019,0
15/1/2019,0
16/1/2019,6.6993
17/1/2019,6.6993
18/1/2019,0
19/1/2019,0
20/1/2019,0
21/1/2019,0
22/1/2019,0
23/1/2019,0
24/1/2019,0
25/1/2019,0
26/1/2019,0
27/1/2019,0
28/1/2019,0
29/1/2019,0
30/1/2019,0
31/1/2019,0
1/2/2019,0
2/2/2019,0
3/2/2019,0
4/2/2019,8.4366
5/2/2019,16.8732
6/2/2019,6.8012
7/2/2019,0
8/2/2019,0
9/2/2019,0
10/2/2019,0
11/2/2019,0
12/2/2019,21.4977
13/2/2019,16.1233
14/2/2019,16.1233
15/2/2019,16.1233
16/2/2019,0
17/2/2019,0
18/2/2019,0
19/2/2019,0
20/2/2019,0
21/2/2019,0
22/2/2019,0
23/2/2019,0
24/2/2019,0
25/2/2019,6.0056
26/2/2019,2.9459
27/2/2019,2.9459
28/2/2019,0
1/3/2019,0
2/3/2019,0
3/3/2019,3.3448
4/3/2019,0
5/3/2019,0
6/3/2019,0
7/3/2019,0
8/3/2019,0
9/3/2019,0
10/3/2019,0
11/3/2019,0
12/3/2019,0
13/3/2019,0
14/3/2019,0
15/3/2019,0
16/3/2019,3.3764
17/3/2019,0
18/3/2019,0
19/3/2019,0
20/3/2019,0
21/3/2019,0
22/3/2019,0
23/3/2019,0
24/3/2019,0
25/3/2019,0
26/3/2019,0
27/3/2019,0
28/3/2019,0
29/3/2019,0
30/3/2019,0
31/3/2019,0
1/4/2019,0
2/4/2019,0
3/4/2019,0
4/4/2019,0
5/4/2019,0
6/4/2019,5.1555
7/4/2019,0
8/4/2019,5.1555
9/4/2019,0
10/4/2019,0
11/4/2019,8.4402
12/4/2019,0
13/4/2019,0
14/4/2019,0
15/4/2019,0
16/4/2019,0
17/4/2019,0
18/4/2019,0
19/4/2019,0
20/4/2019,0
21/4/2019,0
22/4/2019,1.3456
23/4/2019,1.0357
24/4/2019,0.6718
25/4/2019,0
26/4/2019,0
27/4/2019,0
28/4/2019,0
29/4/2019,0
30/4/2019,0
1/5/2019,0
2/5/2019,0
3/5/2019,0
4/5/2019,0
5/5/2019,0
6/5/2019,0
7/5/2019,0
8/5/2019,0
9/5/2019,0
10/5/2019,0
11/5/2019,0
12/5/2019,0
13/5/2019,0
14/5/2019,0
15/5/2019,0
16/5/2019,0
17/5/2019,0
18/5/2019,0
19/5/2019,0
20/5/2019,0
21/5/2019,0
22/5/2019,0
23/5/2019,0
24/5/2019,0
25/5/2019,0
26/5/2019,0
27/5/2019,0
28/5/2019,0
29/5/2019,0
30/5/2019,0
31/5/2019,0
1/6/2019,0
2/6/2019,0
3/6/2019,0
4/6/2019,0
5/6/2019,0
6/6/2019,0
7/6/2019,0
8/6/2019,0
9/6/2019,0
10/6/2019,0
11/6/2019,0.0082
12/6/2019,0
13/6/2019,0.6093
14/6/2019,1.1809
15/6/2019,0.204
16/6/2019,0
17/6/2019,0
18/6/2019,0
19/6/2019,0
20/6/2019,0
21/6/2019,0
22/6/2019,0
23/6/2019,0
24/6/2019,0
25/6/2019,0
26/6/2019,0
27/6/2019,0
28/6/2019,0
29/6/2019,0
30/6/2019,0
1/7/2019,0
2/7/2019,0
3/7/2019,0
4/7/2019,0
5/7/2019,0
6/7/2019,0
7/7/2019,0
8/7/2019,0
9/7/2019,0
10/7/2019,0
11/7/2019,0
12/7/2019,0
13/7/2019,0
14/7/2019,0
15/7/2019,0
16/7/2019,0
17/7/2019,0
18/7/2019,0
19/7/2019,0
20/7/2019,0
21/7/2019,0
22/7/2019,0
23/7/2019,0
24/7/2019,0
25/7/2019,0
26/7/2019,0
27/7/2019,0
28/7/2019,0
29/7/2019,0
30/7/2019,0
31/7/2019,0
1/8/2019,0
2/8/2019,0
3/8/2019,0
4/8/2019,0
5/8/2019,0
6/8/2019,0
7/8/2019,0
8/8/2019,0
9/8/2019,0
10/8/2019,0
11/8/2019,0
12/8/2019,0
13/8/2019,0
14/8/2019,0
15/8/2019,0
16/8/2019,0
17/8/2019,0
18/8/2019,0
19/8/2019,0
20/8/2019,0
21/8/2019,0
22/8/2019,0
23/8/2019,0
24/8/2019,0
25/8/2019,0
26/8/2019,0
27/8/2019,0
28/8/2019,0
29/8/2019,0
30/8/2019,0
31/8/2019,0
1/9/2019,0
2/9/2019,0
3/9/2019,0
4/9/2019,0
5/9/2019,0
6/9/2019,0
7/9/2019,0
8/9/2019,0
9/9/2019,0
10/9/2019,0
11/9/2019,0
12/9/2019,0
13/9/2019,0
14/9/2019,0
15/9/2019,0
16/9/2019,0
17/9/2019,0
18/9/2019,0
19/9/2019,0
20/9/2019,0
21/9/2019,0
22/9/2019,0
23/9/2019,0
24/9/2019,0
25/9/2019,0
26/9/2019,0
27/9/2019,0
28/9/2019,0
29/9/2019,0
30/9/2019,0
1/10/2019,0
2/10/2019,0
3/10/2019,0
4/10/2019,0
5/10/2019,0
6/10/2019,0
7/10/2019,0
8/10/2019,0
9/10/2019,3.4643
10/10/2019,0
11/10/2019,0
12/10/2019,1.3736
13/10/2019,0
14/10/2019,0
15/10/2019,0
16/10/2019,0
17/10/2019,0
18/10/2019,0
19/10/2019,0
20/10/2019,0
21/10/2019,0
22/10/2019,0
23/10/2019,0
24/10/2019,1.3288
25/10/2019,0
26/10/2019,0
27/10/2019,0
28/10/2019,0
29/10/2019,0
30/10/2019,0
31/10/2019,0
1/11/2019,0
2/11/2019,0
3/11/2019,0
4/11/2019,0
5/11/2019,0
6/11/2019,0
7/11/2019,0
8/11/2019,0
9/11/2019,5.8482
10/11/2019,5.8482
11/11/2019,12.6976
12/11/2019,7.4133
13/11/2019,2.4542
14/11/2019,1.374
15/11/2019,1.2391
16/11/2019,0
17/11/2019,0
18/11/2019,0
19/11/2019,16.3946
20/11/2019,8.1973
21/11/2019,6.6617
22/11/2019,3.3308
23/11/2019,6.6617
24/11/2019,0
25/11/2019,0
26/11/2019,0
27/11/2019,0
28/11/2019,0
29/11/2019,0
30/11/2019,0
1/12/2019,0
2/12/2019,0
3/12/2019,0
4/12/2019,0
5/12/2019,0
6/12/2019,0
7/12/2019,8.8168
8/12/2019,17.6337
9/12/2019,8.8168
10/12/2019,8.8168
11/12/2019,0
12/12/2019,0
13/12/2019,0
14/12/2019,0
15/12/2019,0
16/12/2019,0
17/12/2019,0
18/12/2019,0
19/12/2019,0
20/12/2019,0
21/12/2019,0
22/12/2019,0
23/12/2019,0
24/12/2019,0
25/12/2019,0
26/12/2019,0
27/12/2019,0
28/12/2019,0
29/12/2019,0
30/12/2019,0
31/12/2019,0
1/1/2020,0
2/1/2020,0
3/1/2020,0
4/1/2020,0
5/1/2020,0
6/1/2020,0
7/1/2020,6.5734
8/1/2020,13.1469
9/1/2020,19.7203
10/1/2020,6.5734
11/1/2020,0
12/1/2020,0
13/1/2020,0
14/1/2020,0
15/1/2020,5.5209
16/1/2020,0
17/1/2020,0
18/1/2020,49.4182
19/1/2020,12.3545
20/1/2020,12.3545
21/1/2020,0
22/1/2020,0
23/1/2020,0
24/1/2020,0
25/1/2020,0
26/1/2020,0
27/1/2020,3.5492
28/1/2020,0
29/1/2020,0
30/1/2020,0
31/1/2020,0
1/2/2020,0
2/2/2020,0
3/2/2020,0
4/2/2020,0
5/2/2020,9.7461
6/2/2020,13.7116
7/2/2020,6.8558
8/2/2020,20.5674
9/2/2020,27.4232
10/2/2020,20.5674
11/2/2020,0
12/2/2020,0
13/2/2020,0
14/2/2020,0
15/2/2020,0
16/2/2020,0
17/2/2020,0
18/2/2020,0
19/2/2020,0
20/2/2020,0
21/2/2020,0
22/2/2020,0
23/2/2020,21.1294
24/2/2020,0
25/2/2020,0
26/2/2020,0
27/2/2020,0
28/2/2020,0
29/2/2020,0
1/3/2020,0
2/3/2020,0
3/3/2020,0
4/3/2020,0
5/3/2020,0
6/3/2020,0
7/3/2020,0
8/3/2020,0
9/3/2020,0
10/3/2020,0
11/3/2020,0
12/3/2020,0
13/3/2020,12.7224
14/3/2020,0
15/3/2020,0
16/3/2020,0
17/3/2020,0
18/3/2020,0
19/3/2020,0
20/3/2020,0
21/3/2020,0
22/3/2020,0
23/3/2020,0
24/3/2020,0
25/3/2020,0
26/3/2020,0
27/3/2020,15.8418
28/3/2020,0
29/3/2020,0
30/3/2020,0
31/3/2020,0
1/4/2020,0
2/4/2020,0
3/4/2020,0
4/4/2020,0
5/4/2020,0
6/4/2020,0
7/4/2020,0
8/4/2020,0
9/4/2020,0
10/4/2020,0
11/4/2020,4.1146
12/4/2020,0
13/4/2020,0
14/4/2020,0
15/4/2020,0
16/4/2020,0
17/4/2020,0
18/4/2020,0
19/4/2020,0
20/4/2020,0
21/4/2020,0
22/4/2020,7.6617
23/4/2020,0
24/4/2020,0
25/4/2020,0
26/4/2020,0
27/4/2020,5.7279
28/4/2020,0
29/4/2020,0
30/4/2020,0
1/5/2020,0
2/5/2020,0
3/5/2020,0
4/5/2020,0
5/5/2020,0
6/5/2020,0
7/5/2020,0
8/5/2020,0
9/5/2020,0
10/5/2020,0
11/5/2020,0
12/5/2020,0
13/5/2020,0
14/5/2020,0
15/5/2020,0
16/5/2020,0
17/5/2020,0
18/5/2020,0
19/5/2020,0
20/5/2020,0
21/5/2020,1.5759
22/5/2020,0.0086
23/5/2020,0
24/5/2020,0
25/5/2020,0
26/5/2020,0
27/5/2020,0
28/5/2020,0
29/5/2020,0
30/5/2020,0
31/5/2020,0
1/6/2020,0
2/6/2020,0
3/6/2020,0
4/6/2020,0
5/6/2020,1.3902
6/6/2020,0
7/6/2020,0
8/6/2020,0
9/6/2020,0
10/6/2020,0
11/6/2020,0
12/6/2020,0
13/6/2020,0.2685
14/6/2020,1.1238
15/6/2020,0
16/6/2020,0
17/6/2020,0
18/6/2020,0
19/6/2020,0
20/6/2020,0
21/6/2020,0
22/6/2020,0
23/6/2020,0
24/6/2020,0
25/6/2020,0
26/6/2020,0
27/6/2020,0
28/6/2020,0
29/6/2020,0
30/6/2020,0
1/7/2020,0
2/7/2020,0
3/7/2020,0
4/7/2020,0
5/7/2020,0
6/7/2020,0
7/7/2020,0
8/7/2020,0
9/7/2020,0
10/7/2020,0
11/7/2020,0
12/7/2020,0
13/7/2020,0
14/7/2020,0
15/7/2020,0
16/7/2020,0
17/7/2020,0
18/7/2020,0
19/7/2020,0
20/7/2020,0
21/7/2020,0
22/7/2020,0
23/7/2020,0
24/7/2020,0
25/7/2020,0
26/7/2020,0
27/7/2020,0
28/7/2020,0
29/7/2020,0
30/7/2020,0
31/7/2020,0
1/8/2020,0
2/8/2020,0
3/8/2020,0
4/8/2020,0
5/8/2020,0
6/8/2020,0
7/8/2020,0
8/8/2020,0
9/8/2020,0
10/8/2020,0
11/8/2020,0
12/8/2020,0
13/8/2020,0
14/8/2020,0
15/8/2020,0
16/8/2020,0
17/8/2020,0
18/8/2020,0
19/8/2020,0
20/8/2020,0
21/8/2020,0
22/8/2020,0
23/8/2020,0
24/8/2020,0
25/8/2020,0
26/8/2020,0
27/8/2020,0
28/8/2020,0
29/8/2020,0
30/8/2020,0
31/8/2020,0
1/9/2020,0
2/9/2020,0
3/9/2020,0
4/9/2020,0
5/9/2020,0
6/9/2020,0
7/9/2020,0
8/9/2020,0
9/9/2020,0
10/9/2020,0
11/9/2020,0
12/9/2020,4.3243
13/9/2020,0
14/9/2020,0
15/9/2020,0
16/9/2020,0
17/9/2020,0
18/9/2020,0
19/9/2020,0
20/9/2020,0
21/9/2020,0
22/9/2020,3.7919
23/9/2020,0
24/9/2020,0
25/9/2020,0
26/9/2020,0
27/9/2020,0
28/9/2020,0
29/9/2020,0
30/9/2020,0
1/10/2020,15.6044
2/10/2020,0
3/10/2020,0
4/10/2020,0
5/10/2020,0
6/10/2020,5.1857
7/10/2020,10.3714
8/10/2020,5.1857
9/10/2020,0
10/10/2020,0
11/10/2020,0
12/10/2020,0
13/10/2020,0
14/10/2020,0
15/10/2020,0
16/10/2020,0
17/10/2020,0
18/10/2020,0
19/10/2020,0
20/10/2020,0
21/10/2020,0
22/10/2020,0
23/10/2020,0
24/10/2020,0
25/10/2020,0
26/10/2020,0
27/10/2020,0
28/10/2020,0
29/10/2020,0
30/10/2020,0
31/10/2020,1.5829
1/11/2020,0
2/11/2020,0
3/11/2020,8.4745
4/11/2020,0
5/11/2020,4.2372
6/11/2020,0
7/11/2020,0
8/11/2020,0
9/11/2020,0
10/11/2020,15.3959
11/11/2020,0
12/11/2020,0
13/11/2020,0
14/11/2020,0
15/11/2020,0
16/11/2020,0
17/11/2020,0
18/11/2020,0
19/11/2020,0
20/11/2020,0
21/11/2020,0
22/11/2020,0
23/11/2020,4.7502
24/11/2020,9.5004
25/11/2020,0
26/11/2020,0
27/11/2020,0
28/11/2020,12.2972
29/11/2020,0
30/11/2020,0
1/12/2020,0
2/12/2020,8.8157
3/12/2020,0
4/12/2020,0
5/12/2020,8.8157
6/12/2020,0
7/12/2020,0
8/12/2020,0
9/12/2020,0
10/12/2020,0
11/12/2020,0
12/12/2020,0
13/12/2020,12.4855
14/12/2020,18.7282
15/12/2020,12.4855
16/12/2020,0
17/12/2020,24.3623
18/12/2020,12.1812
19/12/2020,24.3623
20/12/2020,24.3623
21/12/2020,12.4719
22/12/2020,0
23/12/2020,6.2359
24/12/2020,37.4157
25/12/2020,0
26/12/2020,0
27/12/2020,0
28/12/2020,0
29/12/2020,0
30/12/2020,4.8979
31/12/2020,14.6937
1/1/2021,0
2/1/2021,0
3/1/2021,0
4/1/2021,0
5/1/2021,0
6/1/2021,0
7/1/2021,21.6928
8/1/2021,0
9/1/2021,0
10/1/2021,0
11/1/2021,0
12/1/2021,0
13/1/2021,0
14/1/2021,0
15/1/2021,18.4809
16/1/2021,16.8147
17/1/2021,25.2221
18/1/2021,0
19/1/2021,0
20/1/2021,8.4074
21/1/2021,9.1004
22/1/2021,0
23/1/2021,0
24/1/2021,0
25/1/2021,36.4016
26/1/2021,8.4215
27/1/2021,0
28/1/2021,25.2644
29/1/2021,25.2644
30/1/2021,0
31/1/2021,16.8429
1/2/2021,48.3702
2/2/2021,9.674
3/2/2021,0
4/2/2021,0
5/2/2021,9.674
6/2/2021,22.4546
7/2/2021,11.2273
8/2/2021,11.2273
9/2/2021,0
10/2/2021,0
11/2/2021,0
12/2/2021,0
13/2/2021,0
14/2/2021,23.6238
15/2/2021,15.7492
16/2/2021,19.0419
17/2/2021,0
18/2/2021,0
19/2/2021,0
20/2/2021,0
21/2/2021,13.7266
22/2/2021,0
23/2/2021,0
24/2/2021,0
25/2/2021,6.8633
26/2/2021,0
27/2/2021,0
28/2/2021,0
1/3/2021,0
2/3/2021,0
3/3/2021,0
4/3/2021,0
5/3/2021,0
6/3/2021,5.5819
7/3/2021,0
8/3/2021,0
9/3/2021,0
10/3/2021,0
11/3/2021,0
12/3/2021,0
13/3/2021,0
14/3/2021,0
15/3/2021,0
16/3/2021,0
17/3/2021,0
18/3/2021,0
19/3/2021,0
20/3/2021,0
21/3/2021,0
22/3/2021,5.2697
23/3/2021,0
24/3/2021,0
25/3/2021,0
26/3/2021,0
27/3/2021,0
28/3/2021,0
29/3/2021,5.2619
30/3/2021,0
31/3/2021,0
1/4/2021,0
2/4/2021,0
3/4/2021,0
4/4/2021,0
5/4/2021,0
6/4/2021,0
7/4/2021,2.501
8/4/2021,0
9/4/2021,0
10/4/2021,0
11/4/2021,0
12/4/2021,0
13/4/2021,0
14/4/2021,0
15/4/2021,0
16/4/2021,0
17/4/2021,0
18/4/2021,0
19/4/2021,0
20/4/2021,0
21/4/2021,0
22/4/2021,0
23/4/2021,0
24/4/2021,0
25/4/2021,0
26/4/2021,0
27/4/2021,0
28/4/2021,0
29/4/2021,0
30/4/2021,3.4282
1/5/2021,0
2/5/2021,0
3/5/2021,0
4/5/2021,0
5/5/2021,0
6/5/2021,0
7/5/2021,0
8/5/2021,0
9/5/2021,0
10/5/2021,0
11/5/2021,0
12/5/2021,0
13/5/2021,0
14/5/2021,0
15/5/2021,0
16/5/2021,0
17/5/2021,0
18/5/2021,0
19/5/2021,0
20/5/2021,0
21/5/2021,0
22/5/2021,0
23/5/2021,0
24/5/2021,0
25/5/2021,0
26/5/2021,0
27/5/2021,0
28/5/2021,0
29/5/2021,0
30/5/2021,0
31/5/2021,0
1/6/2021,0
2/6/2021,0
3/6/2021,0
4/6/2021,0
5/6/2021,0
6/6/2021,0
7/6/2021,0
8/6/2021,0
9/6/2021,0
10/6/2021,0
11/6/2021,0
12/6/2021,0
13/6/2021,0
14/6/2021,0
15/6/2021,0
16/6/2021,0
17/6/2021,0
18/6/2021,0
19/6/2021,0
20/6/2021,0
21/6/2021,0
22/6/2021,0
23/6/2021,0
24/6/2021,0
25/6/2021,0
26/6/2021,0
27/6/2021,0
28/6/2021,0
29/6/2021,0
30/6/2021,0
1/7/2021,0
2/7/2021,0
3/7/2021,0
4/7/2021,0
5/7/2021,0
6/7/2021,0
7/7/2021,0
8/7/2021,0
9/7/2021,0
10/7/2021,0
11/7/2021,0
12/7/2021,0
13/7/2021,0
14/7/2021,0
15/7/2021,0
16/7/2021,0
17/7/2021,0
18/7/2021,0
19/7/2021,0
20/7/2021,0
21/7/2021,0
22/7/2021,0
23/7/2021,0
24/7/2021,0
25/7/2021,0
26/7/2021,0
27/7/2021,0
28/7/2021,0
29/7/2021,0
30/7/2021,0
31/7/2021,0
1/8/2021,0
2/8/2021,0
3/8/2021,0
4/8/2021,0
5/8/2021,0
6/8/2021,0
7/8/2021,0
8/8/2021,0
9/8/2021,0
10/8/2021,0
11/8/2021,0
12/8/2021,0
13/8/2021,0
14/8/2021,0
15/8/2021,0
16/8/2021,0
17/8/2021,0
18/8/2021,0
19/8/2021,0
20/8/2021,0
21/8/2021,0
22/8/2021,0
23/8/2021,0
24/8/2021,0
25/8/2021,0
26/8/2021,0
27/8/2021,0
28/8/2021,0
29/8/2021,0
30/8/2021,0
31/8/2021,0
1/9/2021,0
2/9/2021,0
3/9/2021,0
4/9/2021,0
5/9/2021,0
6/9/2021,0
7/9/2021,0
8/9/2021,0
9/9/2021,0
10/9/2021,0
11/9/2021,0
12/9/2021,0
13/9/2021,0
14/9/2021,0
15/9/2021,0
16/9/2021,0
17/9/2021,0
18/9/2021,0
19/9/2021,0
20/9/2021,0
21/9/2021,0
22/9/2021,0
23/9/2021,0
24/9/2021,0
25/9/2021,0
26/9/2021,0
27/9/2021,0
28/9/2021,0
29/9/2021,0
30/9/2021,0
1/10/2021,0
2/10/2021,0
3/10/2021,0
4/10/2021,0
5/10/2021,0
6/10/2021,0
7/10/2021,0
8/10/2021,0
9/10/2021,0
10/10/2021,0
11/10/2021,3.3051
12/10/2021,0
13/10/2021,0
14/10/2021,0
15/10/2021,0
16/10/2021,0
17/10/2021,0
18/10/2021,0
19/10/2021,0
20/10/2021,0
21/10/2021,0
22/10/2021,0
23/10/2021,0
24/10/2021,4.9217
25/10/2021,0
26/10/2021,0
27/10/2021,0
28/10/2021,0
29/10/2021,0
30/10/2021,0
31/10/2021,0
1/11/2021,0
2/11/2021,0
3/11/2021,1.3151
4/11/2021,0
5/11/2021,2.6303
6/11/2021,0
7/11/2021,0
8/11/2021,0
9/11/2021,0
10/11/2021,0
11/11/2021,3.4367
12/11/2021,0
13/11/2021,0
14/11/2021,0
15/11/2021,0
16/11/2021,0
17/11/2021,5.7687
18/11/2021,0
19/11/2021,0
20/11/2021,0
21/11/2021,12.2934
22/11/2021,18.4401
23/11/2021,0
24/11/2021,0
25/11/2021,0
26/11/2021,0
27/11/2021,0
28/11/2021,0
29/11/2021,0
30/11/2021,0
1/12/2021,0
2/12/2021,0
3/12/2021,0
4/12/2021,0
5/12/2021,13.1926
6/12/2021,9.8285
7/12/2021,6.5523
8/12/2021,0
9/12/2021,3.2762
10/12/2021,3.2762
11/12/2021,0
12/12/2021,0
13/12/2021,20.3719
14/12/2021,5.093
15/12/2021,0
16/12/2021,0
17/12/2021,14.6546
18/12/2021,0
19/12/2021,0
20/12/2021,0
21/12/2021,8.144
22/12/2021,12.216
23/12/2021,0
24/12/2021,0
25/12/2021,0
26/12/2021,19.0496
27/12/2021,0
28/12/2021,12.6997
29/12/2021,25.3994
30/12/2021,6.3499
31/12/2021,12.6997
1/1/2022,0
2/1/2022,0
3/1/2022,0
4/1/2022,4.952
5/1/2022,0
6/1/2022,0
7/1/2022,2.7575
8/1/2022,0
9/1/2022,0
10/1/2022,0
11/1/2022,10.5531
12/1/2022,10.5531
13/1/2022,10.5531
14/1/2022,0
15/1/2022,0
16/1/2022,0
17/1/2022,0
18/1/2022,0
19/1/2022,0
20/1/2022,0
21/1/2022,0
22/1/2022,0
23/1/2022,0
24/1/2022,0
25/1/2022,0
26/1/2022,10.3936
27/1/2022,10.3936
28/1/2022,20.7872
29/1/2022,31.1807
30/1/2022,0
31/1/2022,0
1/2/2022,0
2/2/2022,0
3/2/2022,0
4/2/2022,0
5/2/2022,0
6/2/2022,0
7/2/2022,0
8/2/2022,0
9/2/2022,0
10/2/2022,0
11/2/2022,0
12/2/2022,0
13/2/2022,0
14/2/2022,0
15/2/2022,2.8262
16/2/2022,0
17/2/2022,0
18/2/2022,0
19/2/2022,0
20/2/2022,0
21/2/2022,0
22/2/2022,2.7613
23/2/2022,0
24/2/2022,0
25/2/2022,0
26/2/2022,0
27/2/2022,0
28/2/2022,0
1/3/2022,0
2/3/2022,0
3/3/2022,0
4/3/2022,0
5/3/2022,0
6/3/2022,0
7/3/2022,0
8/3/2022,0
9/3/2022,0
10/3/2022,0
11/3/2022,0
12/3/2022,0
13/3/2022,0
14/3/2022,3.949
15/3/2022,7.898
16/3/2022,11.3822
17/3/2022,0
18/3/2022,0
19/3/2022,0
20/3/2022,0
21/3/2022,0
22/3/2022,0
23/3/2022,0
24/3/2022,0
25/3/2022,3.0429
26/3/2022,13.0592
27/3/2022,0
28/3/2022,0
29/3/2022,0
30/3/2022,0
31/3/2022,0
1/4/2022,0
2/4/2022,0
3/4/2022,0
4/4/2022,0
5/4/2022,0
6/4/2022,0
7/4/2022,0
8/4/2022,0
9/4/2022,0
10/4/2022,10.4896
11/4/2022,0
12/4/2022,0
13/4/2022,0
14/4/2022,0
15/4/2022,0
16/4/2022,0
17/4/2022,0
18/4/2022,0
19/4/2022,0
20/4/2022,0
21/4/2022,19.301
22/4/2022,0
23/4/2022,0
24/4/2022,0
25/4/2022,0
26/4/2022,0
27/4/2022,0
28/4/2022,0
29/4/2022,0
30/4/2022,0
1/5/2022,0
2/5/2022,0
3/5/2022,0
4/5/2022,0
5/5/2022,0
6/5/2022,0
7/5/2022,0
8/5/2022,0
9/5/2022,0
10/5/2022,0
11/5/2022,0
12/5/2022,0
13/5/2022,0
14/5/2022,0
15/5/2022,0
16/5/2022,0
17/5/2022,0
18/5/2022,0
19/5/2022,0
20/5/2022,0
21/5/2022,0
22/5/2022,0
23/5/2022,0
24/5/2022,0
25/5/2022,0
26/5/2022,0
27/5/2022,0
28/5/2022,0
29/5/2022,0
30/5/2022,0
31/5/2022,0
1/6/2022,0
2/6/2022,0
3/6/2022,0
4/6/2022,0
5/6/2022,0
6/6/2022,0
7/6/2022,0
8/6/2022,0
9/6/2022,0
10/6/2022,0
11/6/2022,0
12/6/2022,0
13/6/2022,0
14/6/2022,0
15/6/2022,0
16/6/2022,0
17/6/2022,0.6915
18/6/2022,0
19/6/2022,0
20/6/2022,1.2667
21/6/2022,0
22/6/2022,0
23/6/2022,0
24/6/2022,0
25/6/2022,0
26/6/2022,0
27/6/2022,0
28/6/2022,0
29/6/2022,0
30/6/2022,0
1/7/2022,0
2/7/2022,0
3/7/2022,0
4/7/2022,0
5/7/2022,0
6/7/2022,0
7/7/2022,0
8/7/2022,0
9/7/2022,0
10/7/2022,0
11/7/2022,0
12/7/2022,0
13/7/2022,0
14/7/2022,0
15/7/2022,0
16/7/2022,0
17/7/2022,0
18/7/2022,0
19/7/2022,0
20/7/2022,0
21/7/2022,0
22/7/2022,0
23/7/2022,0
24/7/2022,0
25/7/2022,0
26/7/2022,0
27/7/2022,0
28/7/2022,0
29/7/2022,0
30/7/2022,0
31/7/2022,0
1/8/2022,0
2/8/2022,0
3/8/2022,0
4/8/2022,0
5/8/2022,0
6/8/2022,0
7/8/2022,0
8/8/2022,0
9/8/2022,0
10/8/2022,0
11/8/2022,0
12/8/2022,0
13/8/2022,0
14/8/2022,0
15/8/2022,0
16/8/2022,0
17/8/2022,0
18/8/2022,0
19/8/2022,0
20/8/2022,0
21/8/2022,0
22/8/2022,0
23/8/2022,0
24/8/2022,0
25/8/2022,0
26/8/2022,0
27/8/2022,0
28/8/2022,0
29/8/2022,0
30/8/2022,0
31/8/2022,0
1/9/2022,0
2/9/2022,0
3/9/2022,0
4/9/2022,0
5/9/2022,0
6/9/2022,0
7/9/2022,0
8/9/2022,0
9/9/2022,0
10/9/2022,0
11/9/2022,0
12/9/2022,0
13/9/2022,0
14/9/2022,0
15/9/2022,0
16/9/2022,0
17/9/2022,0
18/9/2022,0
19/9/2022,0
20/9/2022,0
21/9/2022,0
22/9/2022,0
23/9/2022,0
24/9/2022,0
25/9/2022,0
26/9/2022,1.2198
27/9/2022,0
28/9/2022,0
29/9/2022,0.8249
30/9/2022,0.3445
1/10/2022,0
2/10/2022,0
3/10/2022,0
4/10/2022,0
5/10/2022,0
6/10/2022,0
7/10/2022,0
8/10/2022,0
9/10/2022,0
10/10/2022,0
11/10/2022,0
12/10/2022,0
13/10/2022,0
14/10/2022,0
15/10/2022,0
16/10/2022,0
17/10/2022,0
18/10/2022,0
19/10/2022,0
20/10/2022,0
21/10/2022,0
22/10/2022,0
23/10/2022,0
24/10/2022,0
25/10/2022,0
26/10/2022,0
27/10/2022,7.5032
28/10/2022,0
29/10/2022,0
30/10/2022,0
31/10/2022,0
1/11/2022,2.707
2/11/2022,0
3/11/2022,0
4/11/2022,10.8279
5/11/2022,0
6/11/2022,0
7/11/2022,5.5252
8/11/2022,2.7626
9/11/2022,0
10/11/2022,5.5252
11/11/2022,1.2821
12/11/2022,2.5641
13/11/2022,2.5641
14/11/2022,0
15/11/2022,0
16/11/2022,0
17/11/2022,0
18/11/2022,0
19/11/2022,0
20/11/2022,0
21/11/2022,0
22/11/2022,2.8773
23/11/2022,0
24/11/2022,0
25/11/2022,0
26/11/2022,6.5619
27/11/2022,3.2809
28/11/2022,0
29/11/2022,0
30/11/2022,0
1/12/2022,0
2/12/2022,0
3/12/2022,0
4/12/2022,0
5/12/2022,3.4602
6/12/2022,0
7/12/2022,0
8/12/2022,2.3259
9/12/2022,0
10/12/2022,0
11/12/2022,3.1256
12/12/2022,3.1256
13/12/2022,0
14/12/2022,0
15/12/2022,0
16/12/2022,0
17/12/2022,7.351
18/12/2022,4.9007
19/12/2022,0
20/12/2022,2.4503
21/12/2022,0
22/12/2022,0
23/12/2022,0
24/12/2022,0
25/12/2022,0
26/12/2022,0
27/12/2022,0
28/12/2022,0
29/12/2022,0
30/12/2022,0
31/12/2022,0
1/1/2023,0
2/1/2023,0
3/1/2023,0
4/1/2023,7.2139
5/1/2023,3.6069
6/1/2023,16.5957
7/1/2023,0
8/1/2023,0
9/1/2023,0
10/1/2023,0
11/1/2023,0
12/1/2023,0
13/1/2023,0
14/1/2023,0
15/1/2023,0
16/1/2023,0
17/1/2023,0
18/1/2023,0
19/1/2023,9.3246
20/1/2023,0
21/1/2023,0
22/1/2023,0
23/1/2023,0
24/1/2023,9.7062
25/1/2023,0
26/1/2023,0
27/1/2023,0
28/1/2023,0
29/1/2023,4.6031
30/1/2023,0
31/1/2023,4.6031
1/2/2023,4.487
2/2/2023,8.974
3/2/2023,8.974
4/2/2023,4.487
5/2/2023,0
6/2/2023,0
7/2/2023,0
8/2/2023,0
9/2/2023,11.0559
10/2/2023,5.528
11/2/2023,5.7351
12/2/2023,0
13/2/2023,0
14/2/2023,17.2053
15/2/2023,11.4702
16/2/2023,4.8391
17/2/2023,4.8391
18/2/2023,12.0978
19/2/2023,0
20/2/2023,2.4196
21/2/2023,0
22/2/2023,0
23/2/2023,0
24/2/2023,0
25/2/2023,0
26/2/2023,0
27/2/2023,0
28/2/2023,0
1/3/2023,0
2/3/2023,0
3/3/2023,0
4/3/2023,0
5/3/2023,0
6/3/2023,0
7/3/2023,0
8/3/2023,0
9/3/2023,0
10/3/2023,0
11/3/2023,0
12/3/2023,0
13/3/2023,0
14/3/2023,0
15/3/2023,0
16/3/2023,0
17/3/2023,0
18/3/2023,0
19/3/2023,0
20/3/2023,0
21/3/2023,0
22/3/2023,0
23/3/2023,0
24/3/2023,0
25/3/2023,0
26/3/2023,0
27/3/2023,0
28/3/2023,0
29/3/2023,0
30/3/2023,0
31/3/2023,30.704
1/4/2023,0
2/4/2023,0
3/4/2023,0
4/4/2023,0
5/4/2023,0
6/4/2023,0
7/4/2023,0
8/4/2023,0
9/4/2023,0
10/4/2023,0
11/4/2023,0
12/4/2023,0
13/4/2023,0
14/4/2023,0
15/4/2023,0
16/4/2023,0
17/4/2023,0
18/4/2023,0
19/4/2023,0
20/4/2023,0
21/4/2023,0
22/4/2023,3.9027
23/4/2023,0
24/4/2023,0
25/4/2023,0
26/4/2023,0
27/4/2023,0
28/4/2023,0
29/4/2023,0
30/4/2023,3.8173
1/5/2023,0
2/5/2023,0
3/5/2023,0
4/5/2023,0
5/5/2023,0
6/5/2023,0
7/5/2023,0
8/5/2023,0
9/5/2023,0
10/5/2023,0
11/5/2023,0
12/5/2023,0
13/5/2023,0
14/5/2023,0
15/5/2023,0
16/5/2023,0
17/5/2023,0
18/5/2023,0
19/5/2023,0
20/5/2023,0
21/5/2023,0
22/5/2023,0
23/5/2023,0
24/5/2023,0
25/5/2023,0
26/5/2023,0
27/5/2023,0
28/5/2023,0
29/5/2023,0
30/5/2023,0
31/5/2023,0
1/6/2023,0
2/6/2023,0
3/6/2023,0
4/6/2023,0
5/6/2023,0
6/6/2023,0
7/6/2023,0
8/6/2023,0
9/6/2023,0
10/6/2023,0
11/6/2023,0
12/6/2023,0
13/6/2023,0
14/6/2023,0
15/6/2023,0
16/6/2023,0
17/6/2023,0
18/6/2023,0
19/6/2023,0
20/6/2023,0
21/6/2023,0
22/6/2023,0
23/6/2023,0
24/6/2023,0
25/6/2023,0
26/6/2023,0
27/6/2023,0
28/6/2023,0
29/6/2023,0
30/6/2023,0
1/7/2023,0
2/7/2023,0
3/7/2023,0
4/7/2023,0
5/7/2023,0
6/7/2023,0
7/7/2023,0
8/7/2023,0
9/7/2023,0
10/7/2023,0
11/7/2023,0
12/7/2023,0
13/7/2023,0
14/7/2023,0
15/7/2023,0
16/7/2023,0
17/7/2023,0
18/7/2023,0
19/7/2023,0
20/7/2023,0
21/7/2023,0
22/7/2023,0
23/7/2023,0
24/7/2023,0
25/7/2023,0
26/7/2023,0
27/7/2023,0
28/7/2023,0
29/7/2023,0
30/7/2023,0
31/7/2023,0
1/8/2023,0
2/8/2023,0
3/8/2023,0
4/8/2023,0
5/8/2023,0
6/8/2023,0
7/8/2023,0
8/8/2023,0
9/8/2023,0
10/8/2023,0
11/8/2023,0
12/8/2023,0
13/8/2023,0
14/8/2023,0
15/8/2023,0
16/8/2023,0
17/8/2023,0
18/8/2023,0
19/8/2023,0
20/8/2023,0
21/8/2023,0
22/8/2023,0
23/8/2023,0
24/8/2023,0
25/8/2023,0
26/8/2023,0
27/8/2023,0
28/8/2023,0
29/8/2023,0
30/8/2023,0
31/8/2023,0
1/9/2023,0
2/9/2023,0
3/9/2023,0
4/9/2023,0
5/9/2023,0
6/9/2023,0
7/9/2023,0
8/9/2023,0
9/9/2023,0
10/9/2023,0
11/9/2023,0
12/9/2023,0
13/9/2023,0
14/9/2023,0
15/9/2023,0
16/9/2023,0
17/9/2023,0
18/9/2023,0
19/9/2023,0
20/9/2023,0
21/9/2023,0
22/9/2023,0
23/9/2023,0
24/9/2023,0
25/9/2023,0
26/9/2023,0
27/9/2023,0
28/9/2023,0
29/9/2023,0
30/9/2023,0
